user,afterhours_weekday_logon,weekday_logon,weekend_logoff,weekend_logon,doc,exe,jpg,pdf,txt,zip,internal_email,external_email,afterhours_weekday_connect,weekday_connect,weekend_connect,weekend_disconnect,Behaviour
NGF0157,649,448,28,49,192,0,14,63,16,20,586,0,32,214,19,13,Normal
LRR0148,644,563,30,45,582,3,56,172,46,48,1230,0,146,1228,92,41,Normal
IRM0931,453,844,83,130,1483,11,127,424,124,109,1076,0,59,689,129,65,Normal
MOH0273,696,0,23,23,5966,47,468,1878,477,470,837,0,400,4903,426,185,Normal
LAP0338,702,282,67,117,0,0,0,0,0,0,400,0,0,0,0,0,Normal
MHH0180,474,183,15,26,0,0,0,0,0,0,234,0,0,0,0,0,Normal
NOB0181,759,382,69,120,1100,4,85,344,104,66,348,0,58,633,139,63,Normal
AHC0142,712,385,15,28,0,0,0,0,0,0,610,1,0,0,0,0,Normal
CTR0341,862,295,86,142,0,0,0,0,0,0,475,0,0,0,0,0,Normal
ATE0869,725,311,71,128,337,2,28,102,26,27,2164,17,7,259,61,33,Normal
NWK0215,441,621,54,94,0,0,0,0,0,0,1286,1,0,0,0,0,Normal
HVB0037,351,351,25,25,0,0,0,0,0,0,1294,0,0,0,0,0,Normal
ABC0174,253,450,20,40,377,3,24,115,34,36,1212,1,48,1050,90,40,Abnormal
AJR0319,348,631,53,95,0,0,0,0,0,0,1821,3,0,0,0,0,Normal
JKJ0698,376,363,60,60,0,0,0,0,0,0,166,1,0,0,0,0,Normal
JCR0172,352,625,24,43,256,1,24,79,21,25,1441,0,4,285,25,5,Normal
HAD0246,486,714,100,157,204,3,14,57,21,16,1208,13,1,301,61,32,Normal
RRC0553,98,79,4,7,859,10,67,253,76,77,150,0,0,123,14,5,Normal
IKP0472,529,643,91,143,523,4,40,166,38,41,168,0,10,646,154,76,Normal
BRS0734,101,85,5,5,1187,13,108,351,98,88,412,0,1,207,24,5,Normal
HPH0075,384,578,29,51,5949,57,494,1863,479,481,2166,2,36,5387,450,227,Normal
RZC0746,382,697,66,123,0,0,0,0,0,0,1736,12,0,0,0,0,Normal
ESJ0670,155,617,65,65,2128,19,175,641,177,163,1187,12,2,285,40,21,Normal
IIW0249,404,368,15,15,304,4,25,84,29,27,816,0,61,5964,342,131,Normal
JKF0465,522,190,29,29,0,0,0,0,0,0,140,1,0,0,0,0,Normal
AMW0392,525,454,53,96,0,0,0,0,0,0,934,9,0,0,0,0,Normal
HSB0196,387,354,64,63,7446,76,613,2292,615,585,986,5,117,4988,962,495,Normal
YIC0195,335,606,44,65,0,0,0,0,0,0,645,0,0,0,0,0,Normal
NAH0503,404,419,22,21,0,0,0,0,0,0,1426,0,0,0,0,0,Normal
WPR0368,1886,934,148,148,0,0,0,0,0,0,1078,2,0,0,0,0,Normal
JDC0030,369,669,68,114,460,6,34,150,36,38,845,4,26,223,51,30,Normal
HDD0806,390,677,72,121,0,0,0,0,0,0,1045,5,0,0,0,0,Normal
AOK0844,340,515,59,100,841,6,57,262,75,80,137,1,76,404,135,60,Normal
FKK0055,352,658,60,110,377,3,27,132,26,36,1021,1,0,256,38,19,Normal
JHP0583,466,742,30,46,1018,12,83,304,83,89,141,1,70,1206,100,44,Normal
RAW0915,391,665,29,50,291,1,23,94,24,26,845,0,149,510,62,39,Normal
SSJ0784,157,970,56,104,0,0,0,0,0,0,323,0,0,0,0,0,Normal
FOB0756,0,1224,44,74,101,1,10,37,9,7,384,0,0,269,20,10,Normal
CJM0521,194,508,59,59,0,0,0,0,0,0,412,0,0,0,0,0,Normal
HLH0512,227,499,72,72,0,0,0,0,0,0,414,0,0,0,0,0,Normal
BQS0525,26,54,9,9,37,0,4,14,1,1,48,0,0,555,113,57,Normal
BRB0355,187,1019,75,121,453,5,39,143,31,41,1507,29,0,1389,202,102,Normal
IAR0694,393,814,37,54,0,0,0,0,0,0,857,2,0,0,0,0,Normal
SMH0291,385,754,70,122,0,0,0,0,0,0,155,1,0,0,0,0,Normal
BDI0533,212,861,59,94,1605,14,117,483,115,124,454,1,0,1439,197,104,Normal
DAR0885,44,39,8,9,0,0,0,0,0,0,33,0,0,0,0,0,Normal
ALB0892,177,177,28,28,0,0,0,0,0,0,254,0,0,0,0,0,Normal
BSS0369,1024,540,95,95,1491,27,117,439,115,106,612,0,932,3466,511,263,Abnormal
DLM0051,381,692,60,97,6792,67,545,2185,554,530,1962,8,888,5135,757,402,Normal
CMB0912,413,745,46,78,0,0,0,0,0,0,1728,0,0,0,0,0,Normal
SBN0971,355,355,50,50,373,6,29,100,31,38,131,4,17,267,33,15,Normal
LBH0942,349,620,54,105,7008,76,555,2235,501,514,957,14,545,5457,893,464,Normal
MLM0950,395,706,53,81,1808,20,141,503,146,134,143,0,120,1254,160,83,Normal
LBF0214,488,799,86,132,781,12,56,257,59,71,1488,14,36,691,107,54,Normal
NAF0326,409,825,70,113,1547,18,140,500,109,132,1717,26,40,1380,185,100,Normal
QOS0878,190,128,17,28,70,1,15,32,3,6,366,0,8,339,50,21,Normal
TDS0984,740,331,45,78,2185,15,176,644,197,161,769,0,7,267,31,17,Normal
RAM0447,508,471,52,97,0,0,0,0,0,0,137,2,0,0,0,0,Normal
EHB0420,684,646,65,95,0,0,0,0,0,0,1039,0,0,0,0,0,Normal
DRR0242,515,181,48,48,0,0,0,0,0,0,921,1,0,0,0,0,Normal
NGC0058,553,229,58,58,126,1,10,41,12,10,934,11,23,225,37,21,Normal
OBH0499,406,783,51,84,368,6,32,125,30,33,1537,1,18,5817,695,350,Normal
MAD0496,95,95,13,13,0,0,0,0,0,0,429,0,0,0,0,0,Normal
MCD0125,174,296,23,37,284,2,25,80,23,20,324,0,10,98,7,5,Normal
MCF0600,225,282,29,29,62,1,4,22,7,6,81,0,72,0,0,0,Abnormal
JAJ0849,456,713,60,95,0,0,0,0,0,0,151,0,0,0,0,0,Normal
PTH0830,351,351,40,40,0,0,0,0,0,0,139,1,0,0,0,0,Normal
IIL0513,185,517,47,47,0,0,0,0,0,0,365,0,0,0,0,0,Normal
WIQ0567,349,624,52,98,1236,9,98,403,99,110,867,12,2,627,78,46,Normal
MDH0686,368,648,56,99,0,0,0,0,0,0,956,4,0,0,0,0,Normal
LDD0560,44,37,7,8,0,0,0,0,0,0,94,0,0,0,0,0,Normal
BVC0790,456,809,66,104,625,11,41,192,60,46,1383,28,39,1221,166,83,Normal
NMS0280,376,354,49,49,205,2,27,59,17,11,288,0,4,225,29,8,Normal
JGT0221,941,231,0,0,0,1,0,0,0,0,371,0,2,2,0,0,Abnormal
MVH0373,322,172,0,0,0,0,0,0,0,0,167,0,0,0,0,0,Normal
MOS0047,1171,480,0,0,1023,14,91,326,68,71,468,0,936,816,0,0,Abnormal
JTM0223,948,430,0,0,0,1,0,0,0,0,372,0,2,2,0,0,Abnormal
TSM0363,1878,916,0,0,0,0,0,0,0,0,825,3,0,0,0,0,Normal
QNP0216,2210,604,0,0,0,0,0,0,0,0,882,0,0,0,0,0,Normal
JRS0362,1844,932,0,0,0,0,0,0,0,0,949,2,0,0,0,0,Normal
UIR0043,2267,593,0,0,0,0,0,0,0,0,814,0,0,0,0,0,Normal
CBB0365,1873,1383,0,0,0,0,0,0,0,0,976,7,0,0,0,0,Normal
JAV0361,1860,908,0,0,0,0,0,0,0,0,925,2,0,0,0,0,Normal
KRV0372,1917,903,0,0,0,0,0,0,0,0,899,0,0,0,0,0,Normal
LBC0356,1844,1209,0,0,0,0,0,0,0,0,894,0,0,0,0,0,Normal
KCF0045,2194,586,0,0,0,0,0,0,0,0,826,7,0,0,0,0,Normal
EIS0041,2203,849,0,0,2379,21,194,712,182,188,847,0,1772,820,0,0,Normal
CSC0217,738,196,0,0,0,1,0,0,0,0,301,0,2,2,0,0,Abnormal
ACC0042,2150,574,0,0,0,0,0,0,0,0,990,3,0,0,0,0,Normal
MPM0220,1450,552,0,0,4276,48,349,1331,367,318,561,0,1406,3533,0,0,Abnormal
SAK0375,1881,947,0,0,0,0,0,0,0,0,869,0,0,0,0,0,Normal
GTD0219,762,218,0,0,830,5,56,254,72,64,320,0,598,340,0,0,Abnormal
KSP0357,1250,640,0,0,0,0,0,0,0,0,553,1,0,0,0,0,Normal
MSH0040,1680,420,0,0,0,0,0,0,0,0,642,0,0,0,0,0,Normal
BAL0044,2259,883,0,0,1870,20,132,547,173,158,1007,1,1701,482,0,0,Normal
JLM0364,1766,862,0,0,0,1,0,0,0,0,870,2,2,2,0,0,Abnormal
DMG0358,1865,1173,0,0,0,0,0,0,0,0,974,0,0,0,0,0,Normal
DFR0218,2143,571,0,0,0,0,0,0,0,0,955,0,0,0,0,0,Normal
CCA0046,1256,352,0,0,1071,15,85,306,94,107,569,3,973,506,0,0,Abnormal
HWY0038,713,185,0,0,0,0,0,0,0,0,293,0,0,0,0,0,Normal
AJF0370,1879,1246,24,28,7087,74,595,2185,543,569,1086,0,1724,6345,198,65,Normal
MSO0222,1537,363,0,0,0,1,0,0,0,0,602,0,2,2,0,0,Abnormal
JCC0225,2180,570,0,0,0,0,0,0,0,0,954,1,0,0,0,0,Normal
AJD0074,382,702,18,33,345,2,29,94,30,15,955,0,39,236,10,4,Normal
KBP0008,377,820,0,0,0,0,0,0,0,0,2104,1,0,0,0,0,Normal
KRG0158,346,346,0,0,0,0,0,0,0,0,624,2,0,0,0,0,Normal
KBB0189,346,346,0,0,0,0,0,0,0,0,671,0,0,0,0,0,Normal
SRH0155,613,554,6,11,0,0,0,0,0,0,575,3,0,0,0,0,Normal
EIM0156,531,161,0,0,0,0,0,0,0,0,444,1,0,0,0,0,Normal
HTH0007,348,613,0,0,0,0,0,0,0,0,2159,0,0,0,0,0,Normal
AVM0947,385,365,0,0,4901,57,432,1520,388,403,135,2,527,5457,0,0,Normal
CIM0271,700,297,0,0,991,7,79,321,71,83,780,2,132,1288,0,0,Normal
CJP0952,384,647,0,0,0,0,0,0,0,0,132,0,0,0,0,0,Normal
DFH0188,790,343,0,0,4026,38,310,1262,311,334,341,0,77,657,0,0,Normal
DIW0118,384,825,0,0,844,12,60,265,63,70,1295,1,93,1266,0,0,Normal
DJB0159,349,653,0,0,0,0,0,0,0,0,1283,1,0,0,0,0,Normal
HFB0347,514,0,4,4,1106,9,93,326,90,92,224,0,16,154,4,2,Normal
MMG0943,462,468,0,0,0,0,0,0,0,0,696,0,0,0,0,0,Normal
NMB0972,346,346,0,0,0,0,0,0,0,0,114,0,0,0,0,0,Normal
POB0343,692,0,0,0,0,0,0,0,0,0,275,0,0,0,0,0,Normal
RRA0938,346,608,0,0,0,0,0,0,0,0,700,0,0,0,0,0,Normal
CSJ0340,692,0,0,0,0,0,0,0,0,0,364,0,0,0,0,0,Normal
PGH0184,458,177,0,0,0,0,0,0,0,0,187,0,0,0,0,0,Normal
TDG0962,365,855,0,0,0,0,0,0,0,0,107,0,0,0,0,0,Normal
WBC0192,724,310,0,0,273,3,19,71,26,23,1135,0,19,244,0,0,Normal
BAK0964,346,346,0,0,0,0,0,0,0,0,134,2,0,0,0,0,Normal
CAH0936,216,351,0,0,26,1,3,8,2,2,369,0,25,0,0,0,Abnormal
CKH0144,692,0,0,0,0,0,0,0,0,0,535,0,0,0,0,0,Normal
ECL0930,346,617,0,0,0,0,0,0,0,0,802,0,0,0,0,0,Normal
ICS0956,251,251,0,0,0,0,0,0,0,0,80,0,0,0,0,0,Normal
KSP0966,346,346,0,0,0,0,0,0,0,0,122,0,0,0,0,0,Normal
RAG0275,692,0,0,0,0,0,0,0,0,0,732,0,0,0,0,0,Normal
ROB0272,691,0,0,0,0,0,0,0,0,0,738,1,0,0,0,0,Normal
SGS0268,692,0,0,0,0,0,0,0,0,0,723,0,0,0,0,0,Normal
DRR0162,256,256,0,0,338,3,30,103,28,27,383,2,84,1032,0,0,Abnormal
GKO0078,753,464,0,0,604,6,41,190,47,54,1829,13,57,656,0,0,Normal
HXL0968,211,211,0,0,306,3,28,89,26,25,67,0,69,863,0,0,Abnormal
NIH0969,347,627,0,0,0,0,0,0,0,0,109,1,0,0,0,0,Normal
RHC0335,692,0,0,0,0,0,0,0,0,0,274,0,0,0,0,0,Normal
XAA0104,692,275,0,0,283,2,17,84,27,24,738,0,25,246,0,0,Normal
SNS0129,346,346,0,0,0,0,0,0,0,0,913,6,0,0,0,0,Normal
SVL0940,346,346,0,0,0,0,0,0,0,0,691,0,0,0,0,0,Normal
TNM0961,290,482,0,0,325,1,34,103,31,32,81,0,82,902,0,0,Abnormal
TVS0050,538,783,0,0,0,0,0,0,0,0,1597,10,0,0,0,0,Normal
AGB0186,692,0,0,0,0,0,0,0,0,0,381,0,0,0,0,0,Normal
BNR0965,346,616,0,0,0,0,0,0,0,0,129,2,0,0,0,0,Normal
EHR0096,692,0,0,0,0,0,0,0,0,0,815,0,0,0,0,0,Normal
HCC0344,692,0,0,0,0,0,0,0,0,0,290,0,0,0,0,0,Normal
MKL0941,346,346,0,0,0,0,0,0,0,0,667,0,0,0,0,0,Normal
MSD0939,346,346,0,0,0,0,0,0,0,0,668,0,0,0,0,0,Normal
BSB0990,346,346,0,0,0,0,0,0,0,0,734,0,0,0,0,0,Normal
HWM0342,700,30,0,0,0,0,0,0,0,0,313,0,0,0,0,0,Normal
SJC0333,744,170,0,0,0,0,0,0,0,0,278,0,0,0,0,0,Normal
SPA0141,814,274,0,0,0,0,0,0,0,0,628,4,0,0,0,0,Normal
FXF0957,346,346,0,0,0,0,0,0,0,0,117,0,0,0,0,0,Normal
JIM0095,692,0,0,0,0,0,0,0,0,0,929,4,0,0,0,0,Normal
KDT0346,692,276,0,0,0,0,0,0,0,0,295,0,0,0,0,0,Normal
NWT0098,638,0,0,0,438,2,42,144,38,38,676,0,68,1207,0,0,Abnormal
RKF0164,335,335,0,0,0,0,0,0,0,0,432,0,0,0,0,0,Normal
VEB0935,346,346,0,0,0,0,0,0,0,0,698,0,0,0,0,0,Normal
AKK0329,692,0,0,0,0,0,0,0,0,0,397,0,0,0,0,0,Normal
CSL0949,346,346,0,0,0,0,0,0,0,0,124,0,0,0,0,0,Normal
GCG0951,355,680,0,0,0,0,0,0,0,0,118,2,0,0,0,0,Normal
GNS0178,769,304,0,0,2008,19,143,594,153,132,952,3,20,258,0,0,Normal
MAE0331,692,0,0,0,0,0,0,0,0,0,294,0,0,0,0,0,Normal
MKS0204,692,0,0,0,0,0,0,0,0,0,673,5,0,0,0,0,Normal
OHC0973,346,346,0,0,0,0,0,0,0,0,115,0,0,0,0,0,Normal
ONL0276,692,0,0,0,0,0,0,0,0,0,707,0,0,0,0,0,Normal
ORG0339,692,0,0,0,0,0,0,0,0,0,273,0,0,0,0,0,Normal
GNZ0953,346,616,0,0,0,0,0,0,0,0,119,0,0,0,0,0,Normal
LHB0967,346,346,0,0,0,0,0,0,0,0,107,0,0,0,0,0,Normal
LRW0970,346,346,0,0,0,0,0,0,0,0,118,0,0,0,0,0,Normal
Mar0955,306,296,0,0,39,0,4,15,4,7,82,1,32,0,5,0,Abnormal
RVF0201,698,303,0,0,155,3,12,46,17,19,660,0,42,630,0,0,Normal
CWB0065,376,812,0,0,0,0,0,0,0,0,752,0,0,0,0,0,Normal
DVW0103,692,0,0,0,0,0,0,0,0,0,826,0,0,0,0,0,Normal
JMK0099,740,460,0,0,356,6,30,103,32,28,774,0,14,260,0,0,Normal
KKS0119,692,269,0,0,0,0,0,0,0,0,1118,0,0,0,0,0,Normal
NCH0179,692,0,0,0,0,0,0,0,0,0,1117,27,0,0,0,0,Normal
PMC0328,692,275,0,0,414,2,31,148,28,33,281,0,104,1108,0,0,Normal
SBD0913,346,346,0,0,0,0,0,0,0,0,363,11,0,0,0,0,Normal
SHR0334,692,0,0,0,0,0,0,0,0,0,290,0,0,0,0,0,Normal
DHM0937,346,346,0,0,0,0,0,0,0,0,758,0,0,0,0,0,Normal
FPC0954,346,346,0,0,0,0,0,0,0,0,128,0,0,0,0,0,Normal
OMS0101,692,0,0,0,0,0,0,0,0,0,740,0,0,0,0,0,Normal
SNC0187,600,0,0,0,1496,16,124,442,118,125,244,0,15,216,0,0,Normal
WAB0143,508,0,0,0,0,0,0,0,0,0,354,0,0,0,0,0,Normal
ASV0946,346,610,0,0,0,0,0,0,0,0,134,0,0,0,0,0,Normal
JGM0934,346,624,0,0,0,0,0,0,0,0,737,0,0,0,0,0,Normal
KAT0270,692,0,0,0,0,0,0,0,0,0,772,0,0,0,0,0,Normal
OQH0183,692,0,0,0,0,0,0,0,0,0,268,0,0,0,0,0,Normal
ZJS0269,692,0,0,0,0,0,0,0,0,0,721,0,0,0,0,0,Normal
AIB0948,460,747,0,0,1065,8,82,346,81,87,132,0,534,5429,0,0,Normal
BLL0929,346,346,0,0,0,0,0,0,0,0,796,0,0,0,0,0,Normal
CAM0102,692,0,0,0,0,0,0,0,0,0,805,0,0,0,0,0,Normal
DOL0332,692,0,0,0,0,0,0,0,0,0,316,0,0,0,0,0,Normal
ELH0960,346,346,0,0,0,0,0,0,0,0,121,1,0,0,0,0,Normal
ENL0100,692,0,0,0,0,0,0,0,0,0,796,0,0,0,0,0,Normal
GCC0945,346,346,0,0,0,0,0,0,0,0,122,1,0,0,0,0,Normal
HLM0933,346,346,0,0,0,0,0,0,0,0,693,1,0,0,0,0,Normal
ILH0958,414,789,0,0,1909,25,123,591,174,148,113,1,30,270,0,0,Normal
OMM0944,346,346,0,0,0,0,0,0,0,0,116,0,0,0,0,0,Normal
QNF0205,692,0,0,0,0,0,0,0,0,0,635,1,0,0,0,0,Normal
WRM0963,184,325,0,0,0,0,0,0,0,0,59,0,0,0,0,0,Normal
ATF0274,692,0,0,0,0,0,0,0,0,0,838,0,0,0,0,0,Normal
BWP0202,843,476,0,0,384,4,38,116,48,37,687,0,30,223,0,0,Normal
CFG0959,372,502,0,0,0,0,0,0,0,0,133,2,0,0,0,0,Normal
CGF0337,692,0,0,0,0,0,0,0,0,0,344,0,0,0,0,0,Normal
FKB0163,346,346,0,0,0,0,0,0,0,0,477,2,0,0,0,0,Normal
JJM0203,453,233,0,0,271,0,19,80,29,26,341,0,78,756,0,0,Abnormal
JSH0330,692,0,0,0,0,0,0,0,0,0,328,0,0,0,0,0,Normal
NCE0097,692,0,0,0,0,0,0,0,0,0,708,0,0,0,0,0,Normal
RSM0277,777,428,0,0,248,3,20,72,23,27,713,0,43,703,0,0,Normal
SSS0345,692,0,0,0,0,0,0,0,0,0,258,0,0,0,0,0,Normal
AJR0932,202,195,0,0,34,0,2,9,1,1,428,0,36,0,1,0,Abnormal
BBS0039,1070,256,0,0,0,1,0,0,0,0,457,0,2,2,0,0,Abnormal
CCH0182,692,0,0,0,0,0,0,0,0,0,355,0,0,0,0,0,Normal
CXC0336,692,0,0,0,0,0,0,0,0,0,334,0,0,0,0,0,Normal
KRL0062,346,346,0,0,0,0,0,0,0,0,889,0,0,0,0,0,Normal
NHH0185,710,0,0,0,0,0,0,0,0,0,285,0,0,0,0,0,Normal
RGG0064,230,397,0,0,7,0,0,4,1,0,425,0,12,0,0,0,Abnormal
SGM0021,346,625,0,0,1684,18,117,495,155,127,692,0,129,1940,0,0,Normal
SJF0094,346,346,0,0,0,0,0,0,0,0,729,0,0,0,0,0,Normal
KTG0091,346,346,0,0,0,0,0,0,0,0,655,0,0,0,0,0,Normal
CFW0264,60,60,0,0,0,0,0,0,0,0,141,0,0,0,0,0,Normal
NKH0979,415,748,0,0,0,0,0,0,0,0,691,3,0,0,0,0,Normal
USH0199,351,347,0,0,88,1,7,33,4,9,492,0,11,211,0,0,Normal
BTS0011,346,346,0,0,0,0,0,0,0,0,1509,0,0,0,0,0,Normal
LMF0980,346,616,0,0,0,0,0,0,0,0,692,2,0,0,0,0,Normal
RDM0115,346,346,0,0,0,0,0,0,0,0,758,3,0,0,0,0,Normal
YDN0198,348,628,0,0,0,0,0,0,0,0,527,3,0,0,0,0,Normal
EWH0191,346,613,0,0,0,0,0,0,0,0,1073,0,0,0,0,0,Normal
TEM0093,247,247,0,0,0,0,0,0,0,0,466,0,0,0,0,0,Normal
LDB0090,346,346,0,0,0,0,0,0,0,0,805,0,0,0,0,0,Normal
BTW0005,360,572,0,0,0,0,0,0,0,0,2225,1,0,0,0,0,Normal
CJK0200,346,346,0,0,0,0,0,0,0,0,587,1,0,0,0,0,Normal
HCM0267,346,346,0,0,5249,57,398,1623,414,426,731,1,317,5638,0,0,Normal
IAT0263,186,186,0,0,0,0,0,0,0,0,384,0,0,0,0,0,Normal
IIA0092,346,346,0,0,0,0,0,0,0,0,711,1,0,0,0,0,Normal
AMD0077,346,346,0,0,0,0,0,0,0,0,1734,2,0,0,0,0,Normal
FAW0032,362,346,0,0,0,0,0,0,0,0,1325,5,0,0,0,0,Normal
KNB0022,346,346,0,0,0,0,0,0,0,0,699,1,0,0,0,0,Normal
RMS0266,346,346,0,0,0,0,0,0,0,0,633,0,0,0,0,0,Normal
FRB0023,346,346,0,0,0,0,0,0,0,0,719,0,0,0,0,0,Normal
SER0165,692,0,0,0,0,0,0,0,0,0,796,1,0,0,0,0,Normal
DVM0265,384,412,0,0,0,0,0,0,0,0,732,6,0,0,0,0,Normal
MNS0224,2225,601,0,0,0,0,0,0,0,0,896,0,0,0,0,0,Normal
CTR0697,368,595,0,0,0,0,0,0,0,0,129,0,0,0,0,0,Normal
DCC0160,692,0,0,0,0,0,0,0,0,0,1460,5,0,0,0,0,Normal
LTS0860,692,0,0,0,0,0,0,0,0,0,1294,0,0,0,0,0,Normal
MAW0166,346,346,0,0,0,0,0,0,0,0,1295,0,0,0,0,0,Normal
MCF0327,346,346,0,0,0,0,0,0,0,0,1232,0,0,0,0,0,Normal
MNC0717,379,791,0,0,0,0,0,0,0,0,115,1,0,0,0,0,Normal
NAR0981,692,0,0,0,0,0,0,0,0,0,632,0,0,0,0,0,Normal
NJC0705,355,337,0,0,0,0,0,0,0,0,127,0,0,0,0,0,Normal
RLB0719,383,342,0,0,0,0,0,0,0,0,107,0,0,0,0,0,Normal
AKF0709,353,339,0,0,0,0,0,0,0,0,133,0,0,0,0,0,Normal
AMM0014,692,0,0,0,0,0,0,0,0,0,1545,1,0,0,0,0,Normal
MIL0255,353,339,0,0,0,0,0,0,0,0,745,0,0,0,0,0,Normal
NAF0033,344,344,0,0,0,0,0,0,0,0,992,0,0,0,0,0,Normal
SJO0209,387,840,0,0,241,1,18,67,23,22,1005,0,12,252,0,0,Normal
ABH0663,358,334,0,0,0,0,0,0,0,0,407,18,0,0,0,0,Normal
AMV0036,346,346,0,0,0,0,0,0,0,0,1215,0,0,0,0,0,Normal
BBG0325,354,657,0,0,220,1,29,65,19,15,1370,0,21,708,0,0,Normal
DBG0261,361,331,0,0,0,0,0,0,0,0,761,0,0,0,0,0,Normal
IMG0320,346,346,0,0,0,0,0,0,0,0,1263,0,0,0,0,0,Normal
KBL0260,354,338,0,0,0,0,0,0,0,0,753,0,0,0,0,0,Normal
KVT0028,692,0,0,0,0,0,0,0,0,0,531,1,0,0,0,0,Normal
NBH0256,355,337,0,0,0,0,0,0,0,0,728,0,0,0,0,0,Normal
PES0085,362,598,0,0,0,0,0,0,0,0,924,2,0,0,0,0,Normal
RNP0211,346,625,0,0,1711,15,140,493,150,129,1040,0,56,2073,0,0,Normal
WBC0315,346,346,0,0,0,0,0,0,0,0,1192,0,0,0,0,0,Normal
CLH0703,354,338,0,0,0,0,0,0,0,0,126,0,0,0,0,0,Normal
HDD0789,692,0,0,0,0,0,0,0,0,0,1377,0,0,0,0,0,Normal
KCS0173,359,739,0,0,164,0,20,51,12,13,1182,0,25,689,0,0,Normal
NSS0876,692,0,0,0,0,0,0,0,0,0,1191,1,0,0,0,0,Normal
PDW0259,389,650,0,0,0,0,0,0,0,0,761,0,0,0,0,0,Normal
RAR0725,175,167,0,0,224,3,19,65,22,22,53,0,19,677,0,0,Abnormal
RJB0088,356,336,0,0,0,0,0,0,0,0,705,1,0,0,0,0,Normal
RLG0856,735,281,0,0,207,2,23,56,25,21,1200,0,31,664,0,0,Normal
WXH0872,794,155,0,0,528,4,52,165,42,35,1224,1,26,1311,0,0,Normal
YCE0983,692,0,0,0,0,0,0,0,0,0,597,0,0,0,0,0,Normal
ABC0253,360,603,0,0,0,0,0,0,0,0,790,0,0,0,0,0,Normal
AIP0982,696,304,0,0,3960,42,329,1223,327,301,802,0,19,670,0,0,Normal
CLF0852,765,431,0,0,0,0,0,0,0,0,1298,0,0,0,0,0,Normal
JJB0700,358,384,0,0,0,0,0,0,0,0,124,1,0,0,0,0,Normal
SDO0170,346,607,0,0,0,0,0,0,0,0,1217,0,0,0,0,0,Normal
WAS0254,359,604,0,0,0,0,0,0,0,0,694,0,0,0,0,0,Normal
AJP0723,359,333,0,0,0,0,0,0,0,0,134,1,0,0,0,0,Normal
DPS0262,142,108,0,0,0,0,0,0,0,0,250,0,0,0,0,0,Normal
LNS0989,753,380,0,0,0,0,0,0,0,0,515,1,0,0,0,0,Normal
LOF0311,346,346,0,0,0,0,0,0,0,0,1234,0,0,0,0,0,Normal
MKP0861,692,274,0,0,0,0,0,0,0,0,1199,0,0,0,0,0,Normal
RTO0313,475,678,0,0,0,0,0,0,0,0,1220,0,0,0,0,0,Normal
UFK0208,361,779,0,0,0,0,0,0,0,0,1053,0,0,0,0,0,Normal
ZJE0857,706,46,6,6,0,0,0,0,0,0,1274,1,0,0,0,0,Normal
CCM0855,692,0,0,0,0,0,0,0,0,0,1399,0,0,0,0,0,Normal
IDO0176,346,346,0,0,0,0,0,0,0,0,1303,0,0,0,0,0,Normal
JCG0316,368,835,0,0,1389,11,111,415,109,126,1232,0,33,1354,0,0,Normal
RYB0718,355,337,0,0,0,0,0,0,0,0,106,1,0,0,0,0,Normal
YJV0699,353,339,0,0,0,0,0,0,0,0,113,0,0,0,0,0,Normal
DLH0029,692,0,0,0,0,0,0,0,0,0,502,0,0,0,0,0,Normal
KQC0708,351,341,0,0,0,0,0,0,0,0,110,0,0,0,0,0,Normal
XLB0710,358,334,0,0,0,0,0,0,0,0,99,0,0,0,0,0,Normal
AAL0706,353,339,0,0,0,0,0,0,0,0,134,1,0,0,0,0,Normal
BAH0875,878,38,0,0,0,0,0,0,0,0,1469,6,0,0,0,0,Normal
CCW0031,346,346,0,0,0,0,0,0,0,0,1271,0,0,0,0,0,Normal
FGW0853,833,63,0,0,0,0,0,0,0,0,1201,0,0,0,0,0,Normal
FQA0854,696,6,0,0,0,0,0,0,0,0,1275,0,0,0,0,0,Normal
FWM0707,368,380,0,0,0,0,0,0,0,0,137,0,0,0,0,0,Normal
IBB0696,362,642,0,0,639,12,54,188,38,55,122,0,39,1369,0,0,Normal
JOL0024,692,0,0,0,0,0,0,0,0,0,758,1,0,0,0,0,Normal
JRG0207,291,282,0,0,18,0,2,4,1,2,872,0,46,0,0,0,Abnormal
MBR0724,353,339,0,0,0,0,0,0,0,0,120,0,0,0,0,0,Normal
MCT0720,360,332,0,0,0,0,0,0,0,0,115,1,0,0,0,0,Normal
PEV0323,444,642,0,0,0,0,0,0,0,0,1262,0,0,0,0,0,Normal
SAP0867,292,0,0,0,0,0,0,0,0,0,523,0,0,0,0,0,Normal
BMS0877,252,0,0,0,0,0,0,0,0,0,503,0,0,0,0,0,Normal
JDB0169,346,620,0,0,4944,64,407,1579,420,377,1198,0,196,5268,0,0,Normal
WDO0870,844,22,0,0,0,0,0,0,0,0,1090,0,0,0,0,0,Normal
WKF0012,692,0,0,0,0,0,0,0,0,0,1610,0,0,0,0,0,Normal
BER0314,346,346,0,0,0,0,0,0,0,0,1272,0,0,0,0,0,Normal
CCR0863,692,0,0,0,0,0,0,0,0,0,1429,0,0,0,0,0,Normal
HKI0171,345,346,0,0,0,0,0,0,0,0,1297,0,0,0,0,0,Normal
HPM0986,692,0,0,0,0,0,0,0,0,0,1026,8,0,0,0,0,Normal
KKW0879,759,69,14,14,987,13,86,299,66,83,1278,0,136,5465,232,101,Normal
LHL0309,346,346,0,0,0,0,0,0,0,0,1280,0,0,0,0,0,Normal
MKG0711,356,336,0,0,0,0,0,0,0,0,110,1,0,0,0,0,Normal
OCS0865,700,305,0,0,541,5,40,185,50,52,1338,0,26,1199,0,0,Normal
PDH0716,363,661,0,0,1110,16,113,311,77,96,110,0,24,1323,0,0,Normal
ASS0206,346,346,0,0,0,0,0,0,0,0,1122,0,0,0,0,0,Normal
DMK0257,487,657,0,0,964,11,63,311,77,73,777,1,57,1314,0,0,Normal
EDB0714,249,235,0,0,333,3,28,105,32,25,84,1,19,1051,0,0,Abnormal
JCW0858,692,0,0,0,0,0,0,0,0,0,1260,0,0,0,0,0,Normal
PLH0862,692,0,0,0,0,0,0,0,0,0,1208,0,0,0,0,0,Normal
CEB0210,346,346,0,0,0,0,0,0,0,0,1134,0,0,0,0,0,Normal
COM0321,346,346,0,0,0,0,0,0,0,0,1303,0,0,0,0,0,Normal
HMW0713,357,335,0,0,0,0,0,0,0,0,117,1,0,0,0,0,Normal
JMB0308,161,153,0,0,5,0,2,2,1,0,576,0,16,0,0,0,Abnormal
KBS0874,692,270,0,0,0,0,0,0,0,0,1290,0,0,0,0,0,Normal
MCS0035,346,346,0,0,0,0,0,0,0,0,1061,0,0,0,0,0,Normal
MIM0712,360,332,0,0,0,0,0,0,0,0,117,2,0,0,0,0,Normal
PLH0715,357,335,0,0,0,0,0,0,0,0,122,0,0,0,0,0,Normal
AMR0318,392,616,0,0,139,4,12,43,16,16,1294,0,19,262,0,0,Normal
ARL0034,346,346,0,0,0,0,0,0,0,0,1150,0,0,0,0,0,Normal
CJH0702,359,333,0,0,0,0,0,0,0,0,122,0,0,0,0,0,Normal
DIC0988,692,0,0,0,0,0,0,0,0,0,499,3,0,0,0,0,Normal
EMS0317,346,346,0,0,0,0,0,0,0,0,1309,0,0,0,0,0,Normal
GRM0868,692,0,0,0,0,0,0,0,0,0,1349,0,0,0,0,0,Normal
MAS0025,412,0,0,0,37,0,3,10,3,2,514,0,31,0,0,0,Abnormal
MCJ0324,346,346,0,0,0,0,0,0,0,0,1169,0,0,0,0,0,Normal
MSZ0310,346,346,0,0,0,0,0,0,0,0,1243,0,0,0,0,0,Normal
AJH0175,457,346,0,0,148,3,8,45,21,11,1388,0,3,314,0,0,Normal
AKW0167,346,346,0,0,0,0,0,0,0,0,965,0,0,0,0,0,Normal
BDV0168,175,165,0,0,22,0,4,6,3,1,642,0,32,0,0,0,Abnormal
BTL0722,359,333,0,0,0,0,0,0,0,0,120,0,0,0,0,0,Normal
CKP0721,361,331,0,0,0,0,0,0,0,0,137,0,0,0,0,0,Normal
CPG0322,388,618,0,0,209,2,21,63,25,17,1284,0,6,252,0,0,Normal
HAM0985,692,0,0,0,0,0,0,0,0,0,714,0,0,0,0,0,Normal
LOM0086,144,258,0,0,283,2,29,79,25,20,292,0,10,560,0,0,Normal
SBN0866,741,0,0,0,3789,33,298,1164,287,293,1257,1,14,686,0,0,Normal
THR0873,724,14,0,0,5452,58,426,1716,443,430,1244,0,168,4867,0,0,Normal
ASL0378,158,808,0,0,0,0,0,0,0,0,768,1,0,0,0,0,Normal
CQH0701,355,608,0,0,144,1,15,54,15,14,129,0,7,264,0,0,Normal
DTT0076,361,331,0,0,0,0,0,0,0,0,1759,11,0,0,0,0,Normal
FLM0213,345,346,0,0,0,0,0,0,0,0,1115,0,0,0,0,0,Normal
GDF0704,358,654,0,0,0,0,0,0,0,0,127,0,0,0,0,0,Normal
GHL0460,342,121,0,0,27,0,1,7,4,2,77,0,22,0,0,0,Abnormal
HJB0742,268,441,0,0,4,0,0,1,0,0,859,0,12,0,0,0,Abnormal
IJW0851,675,17,0,0,0,0,0,0,0,0,1258,0,0,0,0,0,Normal
IKR0401,426,148,0,0,339,5,27,116,30,37,584,0,82,953,0,0,Abnormal
JAD0609,382,494,0,0,0,0,0,0,0,0,1183,0,0,0,0,0,Normal
KJS0618,347,345,0,0,0,0,0,0,0,0,1266,0,0,0,0,0,Normal
LFS0071,499,193,0,0,0,0,0,0,0,0,726,0,0,0,0,0,Normal
MAH0864,692,0,0,0,0,0,0,0,0,0,1278,2,0,0,0,0,Normal
MBJ0312,349,653,0,0,661,7,53,187,58,53,1253,0,74,1973,0,0,Normal
RSC0089,490,794,10,14,568,8,43,155,37,54,749,0,269,5262,124,54,Normal
RUM0880,756,289,0,0,1400,18,132,415,114,120,1185,0,44,1239,0,0,Normal
SVS0871,758,450,0,0,0,0,0,0,0,0,1178,0,0,0,0,0,Normal
TQS0212,352,352,0,0,0,0,0,0,0,0,997,0,0,0,0,0,Normal
VAA0087,376,732,0,0,0,0,0,0,0,0,710,0,0,0,0,0,Normal
XBN0229,512,180,0,0,0,0,0,0,0,0,664,0,0,0,0,0,Normal
ZDW0859,719,272,0,0,0,0,0,0,0,0,1227,1,0,0,0,0,Normal
ZSK0258,357,335,0,0,0,0,0,0,0,0,670,0,0,0,0,0,Normal
AAS0442,54,82,0,0,0,0,0,0,0,0,39,0,0,0,0,0,Normal
BEH0615,369,723,0,0,169,3,11,58,12,15,1378,3,4,775,0,0,Normal
CRP0456,502,190,0,0,0,0,0,0,0,0,113,0,0,0,0,0,Normal
FTM0406,375,123,0,0,22,0,1,9,0,1,544,0,36,0,0,0,Abnormal
HIW0536,508,184,0,0,0,0,0,0,0,0,1434,0,0,0,0,0,Normal
JAM0382,156,536,0,0,0,0,0,0,0,0,722,0,0,0,0,0,Normal
JRH0455,83,27,0,0,0,0,0,0,0,0,18,0,0,0,0,0,Normal
KJW0416,507,185,0,0,0,0,0,0,0,0,761,0,0,0,0,0,Normal
MBG0438,248,222,0,0,0,0,0,0,0,0,488,0,0,0,0,0,Normal
MDM0976,514,178,0,0,0,0,0,0,0,0,798,0,0,0,0,0,Normal
MES0407,500,192,0,0,0,0,0,0,0,0,728,0,0,0,0,0,Normal
MHG0244,398,294,0,0,0,0,0,0,0,0,682,0,0,0,0,0,Normal
QPM0727,367,325,0,0,0,0,0,0,0,0,1186,0,0,0,0,0,Normal
RCC0617,487,205,0,0,0,0,0,0,0,0,1234,0,0,0,0,0,Normal
UCS0227,510,182,0,0,0,0,0,0,0,0,705,0,0,0,0,0,Normal
VIA0063,517,175,0,0,5457,40,431,1703,471,422,1383,0,40,4959,0,0,Normal
AIM0627,362,330,0,0,0,0,0,0,0,0,1430,0,0,0,0,0,Normal
AIS0405,510,182,0,0,0,0,0,0,0,0,782,0,0,0,0,0,Normal
BAM0611,362,595,0,0,0,0,0,0,0,0,1399,0,0,0,0,0,Normal
BBS0422,625,232,25,25,321,4,33,92,28,21,942,0,3,254,14,3,Normal
CKD0680,159,533,0,0,0,0,0,0,0,0,808,1,0,0,0,0,Normal
EGD0409,204,184,0,0,0,0,0,0,0,0,281,0,0,0,0,0,Normal
FSC0601,300,348,0,0,413,3,32,121,41,43,1017,0,2,1254,0,0,Abnormal
GJT0386,159,533,0,0,0,0,0,0,0,0,732,0,0,0,0,0,Normal
GLR0975,504,453,0,0,0,0,0,0,0,0,817,1,0,0,0,0,Normal
GOK0238,366,116,0,0,0,0,0,0,0,0,503,0,0,0,0,0,Normal
GZB0469,513,179,0,0,0,0,0,0,0,0,120,1,0,0,0,0,Normal
HCW0419,517,448,0,0,0,0,0,0,0,0,767,0,0,0,0,0,Normal
HKR0628,357,800,0,0,0,0,0,0,0,0,1267,0,0,0,0,0,Normal
KMW0545,507,460,0,0,325,1,22,86,29,30,761,0,3,235,0,0,Normal
KQS0415,509,183,0,0,0,0,0,0,0,0,755,0,0,0,0,0,Normal
RAH0440,332,360,0,0,0,0,0,0,0,0,714,0,0,0,0,0,Normal
RDT0424,564,544,0,0,288,2,29,100,27,18,718,0,3,656,0,0,Normal
RGH0728,299,263,0,0,0,0,0,0,0,0,971,0,0,0,0,0,Normal
AJL0462,576,452,0,0,0,0,0,0,0,0,124,0,0,0,0,0,Normal
BDB0453,613,184,0,0,0,0,0,0,0,0,132,0,0,0,0,0,Normal
BHW0458,515,177,0,0,0,0,0,0,0,0,130,2,0,0,0,0,Normal
BTL0226,341,306,0,0,2,0,1,1,0,0,487,0,16,0,0,0,Abnormal
BYP0070,354,122,0,0,0,0,0,0,0,0,528,0,0,0,0,0,Normal
CBG0398,518,174,0,0,0,0,0,0,0,0,736,0,0,0,0,0,Normal
CCC0393,512,180,0,0,0,0,0,0,0,0,729,0,0,0,0,0,Normal
CRD0624,49,51,0,0,0,0,0,0,0,0,173,0,0,0,0,0,Normal
EBC0390,152,540,0,0,0,0,0,0,0,0,736,3,0,0,0,0,Normal
GQP0743,370,322,0,0,0,0,0,0,0,0,1288,0,0,0,0,0,Normal
IJM0444,407,811,0,0,1162,19,89,378,95,97,746,0,5,735,0,0,Normal
JPA0667,172,520,0,0,0,0,0,0,0,0,720,0,0,0,0,0,Normal
LIM0674,209,962,6,9,117,1,3,45,15,4,750,0,4,256,2,0,Normal
MKW0441,369,655,0,0,272,2,24,78,19,26,240,0,7,1374,0,0,Normal
NUL0471,504,454,0,0,0,0,0,0,0,0,123,0,0,0,0,0,Normal
QRM0739,338,392,0,0,5385,59,430,1666,456,405,1281,0,28,5909,0,0,Normal
SEJ0677,78,274,0,0,0,0,0,0,0,0,336,0,0,0,0,0,Normal
UJC0737,342,350,0,0,0,0,0,0,0,0,1216,0,0,0,0,0,Normal
AAV0450,505,187,0,0,0,0,0,0,0,0,136,0,0,0,0,0,Normal
ABN0239,505,454,0,0,0,0,0,0,0,0,815,0,0,0,0,0,Normal
ALH0402,500,192,0,0,0,0,0,0,0,0,761,0,0,0,0,0,Normal
AMR0400,503,189,0,0,0,0,0,0,0,0,740,1,0,0,0,0,Normal
BJW0619,363,329,0,0,0,0,0,0,0,0,1319,2,0,0,0,0,Normal
CGA0629,358,334,0,0,0,0,0,0,0,0,1292,5,0,0,0,0,Normal
CTA0020,519,491,0,0,389,2,32,135,22,26,875,0,66,5209,0,0,Normal
DZC0228,493,199,0,0,0,0,0,0,0,0,764,0,0,0,0,0,Normal
ENC0234,388,383,0,0,0,0,0,0,0,0,574,0,0,0,0,0,Normal
GMF0738,374,318,0,0,0,0,0,0,0,0,1306,0,0,0,0,0,Normal
JOM0750,401,291,0,0,0,0,0,0,0,0,1289,0,0,0,0,0,Normal
KBG0549,514,505,0,0,236,2,19,76,21,23,823,0,2,198,0,0,Normal
MTB0620,389,583,0,0,1285,9,95,386,87,109,1179,1,8,1987,0,0,Normal
OKB0439,381,311,0,0,0,0,0,0,0,0,740,1,0,0,0,0,Normal
ORM0669,176,694,0,0,0,0,0,0,0,0,684,0,0,0,0,0,Normal
PKB0429,367,325,0,0,0,0,0,0,0,0,744,0,0,0,0,0,Normal
PTH0552,502,455,0,0,0,0,0,0,0,0,707,0,0,0,0,0,Normal
RKD0604,189,118,0,0,30,0,3,11,1,4,515,0,40,0,0,0,Abnormal
SDF0017,513,179,0,0,0,0,0,0,0,0,748,4,0,0,0,0,Normal
SJW0451,520,172,0,0,0,0,0,0,0,0,112,0,0,0,0,0,Normal
ADC0391,508,460,0,0,0,0,0,0,0,0,801,1,0,0,0,0,Normal
ANP0555,499,193,0,0,0,0,0,0,0,0,793,3,0,0,0,0,Normal
ASG0048,363,329,0,0,0,0,0,0,0,0,655,3,0,0,0,0,Normal
BCB0679,134,804,0,0,0,0,0,0,0,0,659,0,0,0,0,0,Normal
CCL0068,428,148,0,0,405,5,37,125,33,25,613,1,8,1153,0,0,Abnormal
CCM0467,501,191,0,0,0,0,0,0,0,0,128,0,0,0,0,0,Normal
DBS0235,540,208,0,0,0,0,0,0,0,0,789,0,0,0,0,0,Normal
HAH0248,386,306,0,0,0,0,0,0,0,0,725,0,0,0,0,0,Normal
HJS0072,34,35,1,1,49,0,5,19,6,3,52,0,1,39,2,2,Normal
JMH0543,344,288,0,0,0,0,0,0,0,0,499,1,0,0,0,0,Normal
JTS0389,174,672,0,0,238,2,20,72,22,22,773,1,1,269,0,0,Normal
LLV0602,356,336,0,0,0,0,0,0,0,0,1228,3,0,0,0,0,Normal
MYD0978,384,124,0,0,6,0,2,3,1,3,546,0,12,0,1,0,Abnormal
SCF0608,351,341,0,0,0,0,0,0,0,0,1299,0,0,0,0,0,Normal
SMW0084,370,322,0,0,0,0,0,0,0,0,707,0,0,0,0,0,Normal
SOG0411,500,192,0,0,0,0,0,0,0,0,697,0,0,0,0,0,Normal
TBT0461,507,185,0,0,0,0,0,0,0,0,113,0,0,0,0,0,Normal
TSB0437,360,332,0,0,0,0,0,0,0,0,228,0,0,0,0,0,Normal
WVB0539,336,356,0,0,0,0,0,0,0,0,1283,0,0,0,0,0,Normal
AJN0607,379,798,0,0,521,12,41,164,38,44,1413,0,10,2047,0,0,Normal
AOB0019,508,184,0,0,0,0,0,0,0,0,893,0,0,0,0,0,Normal
EZH0736,375,317,0,0,0,0,0,0,0,0,1274,2,0,0,0,0,Normal
GAF0060,503,189,0,0,0,0,0,0,0,0,752,0,0,0,0,0,Normal
GZC0735,379,783,26,42,183,4,18,57,13,29,1522,10,1,710,40,14,Normal
HBO0413,483,163,0,0,454,8,34,126,32,37,749,0,11,1278,0,0,Abnormal
HVF0067,522,477,0,0,1318,18,101,374,98,114,720,0,9,1222,0,0,Normal
KRM0541,520,208,0,0,0,0,0,0,0,0,704,0,0,0,0,0,Normal
LCD0622,343,349,0,0,0,0,0,0,0,0,1224,3,0,0,0,0,Normal
MLD0755,345,611,0,0,0,0,0,0,0,0,1233,0,0,0,0,0,Normal
NNA0610,364,328,0,0,0,0,0,0,0,0,1250,0,0,0,0,0,Normal
PRM0740,358,334,0,0,0,0,0,0,0,0,1224,3,0,0,0,0,Normal
SSG0250,366,606,0,0,0,0,0,0,0,0,659,0,0,0,0,0,Normal
THD0448,509,183,0,0,0,0,0,0,0,0,110,2,0,0,0,0,Normal
VCC0396,606,524,0,0,1052,9,81,314,81,79,684,0,149,1124,0,0,Normal
ADF0397,511,181,0,0,0,0,0,0,0,0,820,0,0,0,0,0,Normal
AHM0410,586,588,0,0,1416,7,107,441,104,123,876,1,7,685,4,0,Normal
CQH0730,346,346,0,0,0,0,0,0,0,0,1386,2,0,0,0,0,Normal
DAL0673,160,833,0,0,223,1,18,67,22,21,798,0,8,653,0,0,Normal
DTP0379,160,916,0,0,0,0,0,0,0,0,818,1,0,0,0,0,Normal
ETR0428,371,463,0,0,0,0,0,0,0,0,762,0,0,0,0,0,Normal
FSB0399,489,181,0,0,0,0,0,0,0,0,731,0,0,0,0,0,Normal
HRW0550,514,178,0,0,0,0,0,0,0,0,784,1,0,0,0,0,Normal
JER0404,497,195,0,0,0,0,0,0,0,0,686,0,0,0,0,0,Normal
JPW0741,374,318,0,0,0,0,0,0,0,0,1294,0,0,0,0,0,Normal
MDM0625,384,709,0,0,5353,49,425,1674,426,419,1305,10,28,5399,0,0,Normal
NKP0236,523,187,0,0,184,3,12,62,22,16,683,0,1,225,0,0,Normal
OJK0233,508,184,0,0,0,0,0,0,0,0,749,0,0,0,0,0,Normal
ONW0083,345,347,0,0,0,0,0,0,0,0,679,0,0,0,0,0,Normal
TAP0551,348,314,0,0,11,0,1,8,1,0,468,0,8,0,1,0,Abnormal
AIH0675,162,530,0,0,0,0,0,0,0,0,767,0,0,0,0,0,Normal
CAB0614,378,734,0,0,601,9,52,181,47,41,1440,0,0,729,0,0,Normal
CMS0454,516,176,0,0,0,0,0,0,0,0,128,1,0,0,0,0,Normal
CNE0352,358,334,0,0,0,0,0,0,0,0,1777,15,0,0,0,0,Normal
HDJ0446,511,181,0,0,0,0,0,0,0,0,120,1,0,0,0,0,Normal
HGG0240,514,178,0,0,0,0,0,0,0,0,716,0,0,0,0,0,Normal
HKB0418,480,184,0,0,0,0,0,0,0,0,745,0,0,0,0,0,Normal
KAL0395,511,181,0,0,0,0,0,0,0,0,674,3,0,0,0,0,Normal
KPP0452,503,189,0,0,0,0,0,0,0,0,116,1,0,0,0,0,Normal
MGS0974,508,256,14,14,104,2,8,31,7,10,854,1,0,234,16,5,Normal
NDM0417,539,622,0,0,847,8,74,219,68,68,753,0,8,1236,0,0,Normal
ORB0473,510,182,0,0,0,0,0,0,0,0,110,0,0,0,0,0,Normal
PGO0433,368,324,0,0,0,0,0,0,0,0,724,0,0,0,0,0,Normal
TPH0474,515,177,0,0,0,0,0,0,0,0,112,0,0,0,0,0,Normal
BNG0237,512,443,0,0,0,0,0,0,0,0,764,0,0,0,0,0,Normal
BSA0431,380,312,0,0,0,0,0,0,0,0,840,0,0,0,0,0,Normal
CJG0470,500,192,0,0,0,0,0,0,0,0,128,2,0,0,0,0,Normal
CSB0080,355,337,0,0,0,0,0,0,0,0,971,0,0,0,0,0,Normal
DMM0623,357,616,1,2,0,0,0,0,0,0,1358,0,0,0,0,0,Normal
FBW0747,401,355,9,9,0,0,0,0,0,0,1462,0,0,0,0,0,Normal
GCR0554,509,183,0,0,0,0,0,0,0,0,741,7,0,0,0,0,Normal
IBM0671,170,809,0,0,507,4,41,169,40,41,809,0,2,285,0,0,Normal
RFP0380,156,536,0,0,0,0,0,0,0,0,695,3,0,0,0,0,Normal
TET0621,378,560,0,0,0,0,0,0,0,0,1173,0,0,0,0,0,Normal
AIP0394,580,437,0,0,0,0,0,0,0,0,795,1,0,0,0,0,Normal
ALD0544,514,178,0,0,0,0,0,0,0,0,746,2,0,0,0,0,Normal
AMH0464,515,177,0,0,0,0,0,0,0,0,126,1,0,0,0,0,Normal
BLS0678,102,469,0,0,3,0,0,2,0,0,460,0,8,0,0,0,Abnormal
BMC0547,502,190,0,0,0,0,0,0,0,0,787,0,0,0,0,0,Normal
CAA0612,369,590,0,0,406,3,33,126,41,32,1407,1,1,251,0,0,Normal
DLF0377,165,527,0,0,0,0,0,0,0,0,751,3,0,0,0,0,Normal
GBM0603,349,295,0,0,0,0,0,0,0,0,1206,0,0,0,0,0,Normal
KPC0073,232,76,0,0,0,0,0,0,0,0,268,0,16,0,0,0,Abnormal
KWC0004,365,327,0,0,0,0,0,0,0,0,2152,1,0,0,0,0,Normal
MPT0376,166,958,9,15,672,8,58,199,60,57,765,3,0,764,26,9,Normal
NCK0421,497,195,0,0,0,0,0,0,0,0,753,0,0,0,0,0,Normal
NJB0243,347,405,0,0,0,0,0,0,0,0,694,0,0,0,0,0,Normal
OLB0749,111,85,0,0,0,0,0,0,0,0,366,0,0,0,0,0,Normal
VCY0751,362,604,0,0,0,0,0,0,0,0,1186,0,0,0,0,0,Normal
VSA0230,490,415,0,0,248,1,22,70,22,26,582,0,19,162,0,0,Normal
BIH0745,163,133,0,0,25,0,6,7,1,2,608,0,22,0,0,0,Abnormal
BTN0061,614,518,0,0,0,0,0,0,0,0,801,0,0,0,0,0,Normal
DBB0384,174,518,0,0,5499,51,424,1720,435,414,791,0,18,5914,0,0,Normal
DPM0423,547,367,0,0,906,13,74,267,73,70,815,0,13,1937,0,0,Normal
JBD0616,355,647,0,0,223,2,19,56,24,15,1219,0,30,5917,0,0,Normal
JBM0350,666,192,0,0,0,0,0,0,0,0,1429,0,0,0,0,0,Normal
JCV0245,388,304,0,0,0,0,0,0,0,0,708,0,0,0,0,0,Normal
KWE0082,373,594,0,0,1435,14,108,437,116,124,768,0,10,1410,0,0,Normal
LEM0605,499,193,0,0,0,0,0,0,0,0,1226,0,0,0,0,0,Normal
NCO0666,157,815,0,0,0,0,0,0,0,0,711,1,0,0,0,0,Normal
RMW0542,240,82,0,0,210,3,12,61,25,19,348,0,8,671,0,0,Abnormal
SRS0231,517,175,0,0,0,0,0,0,0,0,700,1,0,0,0,0,Normal
TEB0251,496,508,0,0,0,0,0,0,0,0,687,0,0,0,0,0,Normal
VTT0385,174,584,0,0,257,3,25,85,20,19,650,0,40,5430,0,0,Normal
AAW0353,511,181,0,0,0,0,0,0,0,0,414,15,0,0,0,0,Normal
AKR0057,368,294,0,0,357,4,27,95,21,36,623,1,105,760,0,0,Abnormal
BSS0463,513,215,0,0,0,0,0,0,0,0,132,0,0,0,0,0,Normal
BXJ0010,489,203,0,0,0,0,0,0,0,0,1682,0,0,0,0,0,Normal
CKB0427,353,339,0,0,0,0,0,0,0,0,816,0,0,0,0,0,Normal
DSB0731,345,347,0,0,0,0,0,0,0,0,1334,0,0,0,0,0,Normal
HRB0351,525,515,16,25,1722,18,122,516,146,138,1947,19,3,221,9,3,Normal
JJH0613,365,782,0,0,1057,10,75,320,91,88,1269,0,13,2071,0,0,Normal
LCB0664,357,742,0,0,270,2,14,78,17,33,1348,0,33,5877,0,0,Normal
MLP0668,164,528,0,0,0,0,0,0,0,0,702,1,0,0,0,0,Normal
MSS0001,157,803,0,0,0,0,0,0,0,0,2277,7,0,0,0,0,Normal
PPF0435,298,290,0,0,0,0,0,1,0,0,672,0,54,0,0,0,Abnormal
RGN0408,518,173,0,0,0,0,0,0,0,0,717,0,0,0,0,0,Normal
TMA0069,510,182,0,0,0,0,0,0,0,0,699,0,0,0,0,0,Normal
TSR0676,159,806,0,0,349,7,27,91,29,29,680,0,6,1418,0,0,Normal
ZFM0468,502,190,0,0,0,0,0,0,0,0,106,0,0,0,0,0,Normal
ANT0430,338,684,0,0,0,0,0,0,0,0,833,1,0,0,0,0,Normal
BIS0247,432,610,0,0,271,4,15,81,23,24,770,0,1,229,0,0,Normal
DGF0443,394,298,0,0,0,0,0,0,0,0,774,1,0,0,0,0,Normal
DGM0754,26,32,0,0,0,0,0,0,0,0,128,0,0,0,0,0,Normal
EPW0434,372,320,0,0,0,0,0,0,0,0,795,0,0,0,0,0,Normal
FHO0630,404,288,0,0,0,0,0,0,0,0,1238,0,0,0,0,0,Normal
HDL0748,325,367,0,0,0,0,0,0,0,0,1278,0,0,0,0,0,Normal
HSD0457,510,182,0,0,0,0,0,0,0,0,124,0,0,0,0,0,Normal
HWW0436,412,798,0,0,806,10,56,259,62,52,865,1,17,1291,0,0,Normal
KVS0425,503,189,0,0,0,0,0,0,0,0,739,0,0,0,0,0,Normal
LDG0459,544,605,0,0,309,3,24,88,31,25,106,1,7,273,0,0,Normal
LHB0606,92,72,0,0,0,0,0,0,0,0,273,0,0,0,0,0,Normal
MHG0733,340,352,0,0,0,0,0,0,0,0,1233,0,0,0,0,0,Normal
NRD0548,444,168,0,0,0,0,0,0,0,0,607,0,0,0,0,0,Normal
PGC0066,502,190,0,0,0,0,0,0,0,0,865,12,0,0,0,0,Normal
RJM0381,155,573,0,0,0,0,0,0,0,0,723,0,0,0,0,0,Normal
SIJ0661,154,538,0,0,0,0,0,0,0,0,1370,0,0,0,0,0,Normal
ARA0252,372,591,0,0,0,0,0,0,0,0,765,0,0,0,0,0,Normal
BSH0445,361,331,0,0,0,0,0,0,0,0,823,0,0,0,0,0,Normal
BTR0403,633,481,0,0,337,1,27,94,20,41,708,0,67,591,0,0,Normal
DGW0752,397,567,0,0,0,0,0,0,0,0,1387,0,0,0,0,0,Normal
EAH0466,51,53,0,0,230,3,24,66,14,21,14,0,0,26,0,0,Normal
HIA0414,513,179,0,0,0,0,0,0,0,0,755,0,0,0,0,0,Normal
HJA0018,515,440,0,0,0,0,0,0,0,0,825,1,0,0,0,0,Normal
JLW0053,513,179,0,0,0,0,0,0,0,0,1409,1,0,0,0,0,Normal
KES0729,348,650,0,0,0,0,0,0,0,0,1238,0,0,0,0,0,Normal
KNG0672,144,458,0,0,0,0,0,0,0,0,633,0,0,0,0,0,Normal
MLG0475,501,191,0,0,0,0,0,0,0,0,112,0,0,0,0,0,Normal
NBC0412,494,204,0,0,0,0,0,0,0,0,837,0,0,0,0,0,Normal
NNS0059,508,184,0,0,0,0,0,0,0,0,744,1,0,0,0,0,Normal
PBP0002,151,541,0,0,0,0,0,0,0,0,717,0,0,0,0,0,Normal
PID0426,487,400,0,0,0,0,0,0,0,0,733,1,0,0,0,0,Normal
RAS0432,412,537,0,0,0,0,0,0,0,0,714,0,0,0,0,0,Normal
RVC0232,503,189,0,0,0,0,0,0,0,0,742,0,0,0,0,0,Normal
TEM0977,513,179,0,0,0,0,0,0,0,0,783,2,0,0,0,0,Normal
CAB0388,165,791,0,0,0,0,0,0,0,0,767,0,0,0,0,0,Normal
CSH0626,503,649,22,39,0,0,0,0,0,0,1365,2,0,0,0,0,Normal
DIB0081,197,354,0,0,1020,11,67,332,72,78,324,0,4,980,0,0,Normal
DLS0383,165,784,0,0,0,0,0,0,0,0,749,0,0,0,0,0,Normal
EIP0997,346,346,0,0,0,0,0,0,0,0,779,1,0,0,0,0,Normal
ERH0449,512,180,0,0,0,0,0,0,0,0,111,0,0,0,0,0,Normal
FDE0117,346,346,0,0,0,0,0,0,0,0,1240,0,0,0,0,0,Normal
GCC0744,394,298,0,0,0,0,0,0,0,0,1299,0,0,0,0,0,Normal
GCL0016,523,480,19,32,128,1,18,31,7,14,918,1,3,208,16,9,Normal
HCV0478,346,611,0,0,0,0,0,0,0,0,1315,0,0,0,0,0,Normal
IRT0491,346,346,0,0,0,0,0,0,0,0,1262,1,0,0,0,0,Normal
JKB0126,346,345,0,0,0,0,0,0,0,0,699,0,0,0,0,0,Normal
KDS0349,166,526,0,0,0,0,0,0,0,0,1441,0,0,0,0,0,Normal
MAD0753,355,337,0,0,0,0,0,0,0,0,1241,0,0,0,0,0,Normal
MIC0726,380,312,0,0,0,0,0,0,0,0,1232,0,0,0,0,0,Normal
RHO0732,492,855,0,0,565,5,50,141,53,41,1226,1,37,1329,0,0,Normal
SVL0803,346,346,0,0,0,0,0,0,0,0,735,0,0,0,0,0,Normal
TJD0996,346,346,0,0,0,0,0,0,0,0,654,3,0,0,0,0,Normal
VMJ0546,505,457,0,0,2158,22,200,648,168,177,679,1,12,1255,0,0,Normal
WSR0241,562,280,0,0,0,0,0,0,0,0,768,1,0,0,0,0,Normal
WTF0387,154,538,0,0,0,0,0,0,0,0,692,0,0,0,0,0,Normal
CTW0500,346,346,0,0,0,0,0,0,0,0,1275,0,0,0,0,0,Normal
KJP0371,1850,938,0,0,0,0,0,0,0,0,935,0,0,0,0,0,Normal
KPR0497,360,840,0,0,0,0,0,0,0,0,1196,0,0,0,0,0,Normal
YEV0793,346,346,0,0,0,0,0,0,0,0,695,0,0,0,0,0,Normal
CUD0795,346,346,0,0,0,0,0,0,0,0,757,0,0,0,0,0,Normal
SBN0495,346,346,0,0,0,0,0,0,0,0,1229,0,0,0,0,0,Normal
AMH0794,346,346,0,0,0,0,0,0,0,0,773,5,0,0,0,0,Normal
CKB0482,346,346,0,0,0,0,0,0,0,0,1379,0,0,0,0,0,Normal
CNM0800,346,346,0,0,0,0,0,0,0,0,753,5,0,0,0,0,Normal
NAB0801,346,346,0,0,0,0,0,0,0,0,747,1,0,0,0,0,Normal
BKW0374,1753,963,0,0,0,0,0,0,0,0,941,0,0,0,0,0,Normal
CJC0494,346,346,0,0,0,0,0,0,0,0,1375,3,0,0,0,0,Normal
CJF0802,447,643,0,0,0,0,0,0,0,0,815,1,0,0,0,0,Normal
JJB0127,346,346,0,0,0,0,0,0,0,0,698,3,0,0,0,0,Normal
LPC0492,355,389,0,0,0,0,0,0,0,0,1220,8,0,0,0,0,Normal
RHP0484,348,682,0,0,0,0,0,0,0,0,1283,1,0,0,0,0,Normal
SMB0804,346,346,0,0,0,0,0,0,0,0,732,1,0,0,0,0,Normal
TDJ0998,346,622,0,0,0,0,0,0,0,0,646,3,0,0,0,0,Normal
TOR0193,360,647,0,0,0,0,0,0,0,0,659,0,0,0,0,0,Normal
ASB0796,265,265,0,0,0,0,0,0,0,0,560,0,0,0,0,0,Normal
CMM0487,346,346,0,0,0,0,0,0,0,0,1365,0,0,0,0,0,Normal
KRL0501,265,265,0,0,349,2,29,132,35,31,922,0,0,1115,0,0,Abnormal
MHA0798,346,346,0,0,0,0,0,0,0,0,729,1,0,0,0,0,Normal
SAA0999,346,639,0,0,5375,66,427,1714,433,453,684,0,724,4596,0,0,Normal
SBQ0786,346,346,0,0,0,0,0,0,0,0,1401,0,0,0,0,0,Normal
SSH0799,356,853,0,0,0,0,0,0,0,0,720,1,0,0,0,0,Normal
TTD1000,346,346,0,0,0,0,0,0,0,0,623,0,0,0,0,0,Normal
AAF0791,346,346,0,0,0,0,0,0,0,0,849,0,0,0,0,0,Normal
HDS0367,1889,1146,0,0,2167,24,171,684,178,182,935,0,1740,934,0,0,Normal
BEC0505,346,346,0,0,0,0,0,0,0,0,1403,1,0,0,0,0,Normal
DGN0480,329,329,0,0,0,0,0,0,0,0,1208,0,0,0,0,0,Normal
SES0477,346,622,0,0,0,0,0,0,0,0,1159,2,0,0,0,0,Normal
DBW0483,346,345,0,0,0,0,0,0,0,0,1312,5,0,0,0,0,Normal
NMC0486,346,346,0,0,0,0,0,0,0,0,1259,5,0,0,0,0,Normal
TLM0797,346,346,0,0,0,0,0,0,0,0,674,0,0,0,0,0,Normal
AAE0190,346,346,0,0,0,0,0,0,0,0,1129,0,0,0,0,0,Normal
JIG0128,346,346,0,0,0,0,0,0,0,0,746,0,0,0,0,0,Normal
LQC0479,205,197,0,0,15,0,0,5,0,2,714,0,18,0,0,0,Abnormal
IMB0481,346,346,0,0,0,0,0,0,0,0,1288,0,0,0,0,0,Normal
KAC0124,346,346,0,0,0,0,0,0,0,0,685,1,0,0,0,0,Normal
MMB0488,310,310,0,0,0,0,0,0,0,0,1077,1,0,0,0,0,Normal
RBB0485,346,346,0,0,0,0,0,0,0,0,1183,0,0,0,0,0,Normal
OCB0805,346,346,0,0,0,0,0,0,0,0,714,0,0,0,0,0,Normal
SAT0194,346,346,0,0,0,0,0,0,0,0,655,0,0,0,0,0,Normal
CBG0490,346,346,0,0,0,0,0,0,0,0,1396,0,0,0,0,0,Normal
CSP0197,379,829,0,0,0,0,0,0,0,0,688,1,0,0,0,0,Normal
WDD0366,1595,1074,0,0,6,0,0,0,0,0,750,1,12,0,0,0,Abnormal
BJH0354,346,346,0,0,0,0,0,0,0,0,1436,0,0,0,0,0,Normal
CWR0502,361,761,0,0,495,3,42,149,36,40,1185,0,0,679,0,0,Normal
KAT0489,346,346,0,0,0,0,0,0,0,0,1224,2,0,0,0,0,Normal
XHW0498,195,195,0,0,238,5,18,78,23,24,632,0,0,831,0,0,Abnormal
DDA0476,346,346,0,0,0,0,0,0,0,0,1298,0,0,0,0,0,Normal
SMY0792,365,737,0,0,778,8,53,237,74,59,704,0,0,738,0,0,Normal
ANM0123,33,49,0,0,31,0,2,11,1,2,64,0,7,41,0,0,Normal
BWH0813,346,346,0,0,0,0,0,0,0,0,756,1,0,0,0,0,Normal
ELT0769,0,692,0,0,0,0,0,0,0,0,338,0,0,0,0,0,Normal
FBA0348,4,692,0,0,0,0,0,0,0,0,1313,0,0,0,0,0,Normal
HKF0831,346,346,0,0,0,0,0,0,0,0,103,0,0,0,0,0,Normal
IBB0359,1835,1247,0,0,2056,30,164,625,156,168,879,0,1717,6086,0,0,Normal
JXH0493,346,346,0,0,0,0,0,0,0,0,1208,0,0,0,0,0,Normal
LDM0587,346,346,0,0,0,0,0,0,0,0,121,0,0,0,0,0,Normal
MAH0149,0,967,0,0,0,0,0,0,0,0,555,3,0,0,0,0,Normal
MBW0809,30,30,0,0,0,0,0,0,0,0,58,0,0,0,0,0,Normal
MJB0588,346,346,0,0,0,0,0,0,0,0,122,0,0,0,0,0,Normal
OLF0504,346,346,0,0,0,0,0,0,0,0,1206,0,0,0,0,0,Normal
PMV0850,436,641,0,0,305,4,19,107,27,28,107,1,99,578,0,0,Normal
SKG0759,0,692,0,0,0,0,0,0,0,0,251,0,0,0,0,0,Normal
SOB0360,1168,612,0,0,0,0,0,0,0,0,577,0,0,0,0,0,Normal
VFM0814,256,511,0,0,81,0,7,20,7,7,451,0,43,124,0,0,Normal
AES0827,346,346,0,0,0,0,0,0,0,0,122,1,0,0,0,0,Normal
ARB0834,211,211,0,0,0,0,0,0,0,0,87,0,0,0,0,0,Normal
CFM0767,82,1010,0,0,491,3,57,150,31,46,356,0,0,745,0,0,Normal
DCH0843,297,289,0,0,28,0,1,6,1,2,105,0,36,0,5,0,Abnormal
ECF0828,211,211,0,0,0,0,0,0,0,0,73,0,0,0,0,0,Normal
EMW0772,0,722,0,0,114,1,9,41,7,9,302,0,0,260,0,0,Normal
QSV0778,0,692,0,0,0,0,0,0,0,0,276,0,0,0,0,0,Normal
WPE0538,346,346,0,0,0,0,0,0,0,0,355,15,0,0,0,0,Normal
CLB0774,139,692,0,0,4649,46,392,1398,393,368,343,0,122,5844,0,0,Normal
IJR0825,346,346,0,0,0,0,0,0,0,0,113,0,0,0,0,0,Normal
LPH0572,37,37,0,0,0,0,0,0,0,0,10,0,0,0,0,0,Normal
MNR0829,346,346,0,0,0,0,0,0,0,0,115,0,0,0,0,0,Normal
MVF0594,346,346,0,0,0,0,0,0,0,0,105,0,0,0,0,0,Normal
CHG0146,0,692,0,0,0,0,0,0,0,0,1073,0,0,0,0,0,Normal
CIG0052,346,346,0,0,0,0,0,0,0,0,935,1,0,0,0,0,Normal
CRK0916,385,603,0,0,0,0,0,0,0,0,879,2,0,0,0,0,Normal
DDM0579,346,346,0,0,0,0,0,0,0,0,125,0,0,0,0,0,Normal
EHB0824,169,159,0,0,9,0,1,2,2,0,54,0,26,0,0,0,Abnormal
HBB0056,346,346,0,0,0,0,0,0,0,0,721,0,0,0,0,0,Normal
ILC0838,346,346,0,0,0,0,0,0,0,0,103,0,0,0,0,0,Normal
JFC0757,0,692,0,0,0,0,0,0,0,0,291,0,0,0,0,0,Normal
JMC0925,478,796,0,0,0,0,0,0,0,0,822,7,0,0,0,0,Normal
NMF0780,0,692,0,0,0,0,0,0,0,0,264,0,0,0,0,0,Normal
PNH0761,91,768,0,0,1357,11,109,415,93,121,276,0,2,240,0,0,Normal
AAN0823,346,346,0,0,0,0,0,0,0,0,138,2,0,0,0,0,Normal
ADD0846,346,346,0,0,0,0,0,0,0,0,126,3,0,0,0,0,Normal
JSA0775,0,692,0,0,0,0,0,0,0,0,294,0,0,0,0,0,Normal
NHE0919,346,612,0,0,0,0,0,0,0,0,707,0,0,0,0,0,Normal
NRO0768,0,644,0,0,0,0,0,0,0,0,264,0,0,0,0,0,Normal
SAC0592,346,614,0,0,0,0,0,0,0,0,116,0,0,0,0,0,Normal
TJG0582,346,346,0,0,0,0,0,0,0,0,118,0,0,0,0,0,Normal
ASD0577,346,346,0,0,0,0,0,0,0,0,136,1,0,0,0,0,Normal
BCR0581,427,683,0,0,0,0,0,0,0,0,134,0,0,0,0,0,Normal
CAN0842,346,346,0,0,0,0,0,0,0,0,127,0,0,0,0,0,Normal
CHM0821,546,675,0,0,797,6,57,238,62,68,128,1,89,558,0,0,Normal
HAH0760,0,957,0,0,1231,15,89,341,110,114,307,0,0,1342,0,0,Normal
HCS0003,346,346,0,0,1968,19,150,583,139,186,2354,0,0,1948,0,0,Normal
JCR0921,346,346,0,0,0,0,0,0,0,0,741,0,0,0,0,0,Normal
JRL0574,346,346,0,0,0,0,0,0,0,0,111,0,0,0,0,0,Normal
LCC0819,157,157,0,0,213,3,17,68,20,16,328,0,150,488,0,0,Abnormal
RAB0589,225,480,0,0,2,0,0,0,0,0,68,0,4,0,2,0,Abnormal
XWD0923,250,438,0,0,3839,32,284,1147,292,321,540,0,153,773,0,0,Normal
ABM0845,350,652,0,0,0,0,0,0,0,0,149,0,0,0,0,0,Normal
ACV0812,631,635,0,0,0,0,0,0,0,0,804,4,0,0,0,0,Normal
ALC0788,346,346,0,0,0,0,0,0,0,0,403,12,0,0,0,0,Normal
BMG0917,382,617,0,0,4913,63,383,1536,409,388,811,0,877,4483,0,0,Normal
EHD0584,242,397,0,0,6,0,0,2,3,0,82,1,12,0,1,0,Abnormal
IBS0836,399,642,14,24,403,5,38,115,34,29,143,1,98,549,30,15,Normal
IJM0776,0,342,0,0,229,3,19,61,12,20,139,0,0,694,0,0,Abnormal
JCR0770,0,692,0,0,0,0,0,0,0,0,283,0,0,0,0,0,Normal
MSG0839,346,346,0,0,0,0,0,0,0,0,102,0,0,0,0,0,Normal
SAB0781,0,968,0,0,944,18,71,275,72,61,269,0,0,733,0,0,Normal
SGG0787,346,602,0,0,0,0,0,0,0,0,1391,0,0,0,0,0,Normal
SHW0578,346,346,0,0,0,0,0,0,0,0,116,2,0,0,0,0,Normal
SOF0808,346,346,0,0,0,0,0,0,0,0,680,0,0,0,0,0,Normal
WJD0576,346,346,0,0,0,0,0,0,0,0,98,0,0,0,0,0,Normal
AKC0924,346,346,0,0,0,0,0,0,0,0,810,0,0,0,0,0,Normal
AKH0758,0,692,0,0,0,0,0,0,0,0,388,0,0,0,0,0,Normal
CIM0926,231,229,0,0,0,0,0,0,0,0,518,0,0,0,0,0,Normal
FUM0015,346,346,0,0,0,0,0,0,0,0,1546,1,0,0,0,0,Normal
HDH0928,346,346,0,0,1004,11,56,332,86,88,759,4,184,1060,0,0,Normal
HSG0818,346,619,0,0,0,0,0,0,0,0,671,1,0,0,0,0,Normal
IWM0816,346,622,0,0,0,0,0,0,0,0,693,3,0,0,0,0,Normal
KJA0152,346,346,0,0,0,0,0,0,0,0,600,3,0,0,0,0,Normal
LJT0817,362,659,0,0,1251,15,104,365,99,93,720,0,303,858,0,0,Normal
NSC0597,360,366,0,0,0,0,0,0,0,0,115,0,0,0,0,0,Normal
VSS0154,214,213,0,0,255,4,21,76,18,31,329,1,28,804,0,0,Abnormal
WGR0833,346,346,0,0,0,0,0,0,0,0,107,1,0,0,0,0,Normal
AJC0840,346,346,0,0,0,0,0,0,0,0,141,1,0,0,0,0,Normal
ASM0575,346,621,0,0,0,0,0,0,0,0,135,1,0,0,0,0,Normal
AWM0764,0,692,0,0,0,0,0,0,0,0,367,0,0,0,0,0,Normal
ECR0822,346,346,0,0,0,0,0,0,0,0,120,1,0,0,0,0,Normal
FIR0920,410,468,0,0,0,0,0,0,0,0,713,1,0,0,0,0,Normal
TCD0009,346,346,0,0,0,0,0,0,0,0,834,0,0,0,0,0,Normal
WDV0573,562,407,0,0,0,0,0,0,0,0,113,2,0,0,0,0,Normal
AHD0848,389,686,18,31,126,2,10,36,14,11,141,2,45,186,18,11,Normal
IYB0918,346,346,0,0,0,0,0,0,0,0,725,0,0,0,0,0,Normal
KLH0596,295,291,0,0,35,0,3,11,4,0,100,0,36,0,1,0,Abnormal
KMB0922,509,667,0,0,790,11,60,223,64,61,762,0,99,549,0,0,Normal
NKH0807,346,346,0,0,0,0,0,0,0,0,706,1,0,0,0,0,Normal
RNF0765,0,692,0,0,0,0,0,0,0,0,260,0,0,0,0,0,Normal
TRK0914,346,345,0,0,0,0,0,0,0,0,693,1,0,0,0,0,Normal
BHC0665,0,926,0,0,0,0,0,0,0,0,1057,30,0,0,0,0,Normal
KBC0054,346,346,0,0,0,0,0,0,0,0,694,0,0,0,0,0,Normal
LHN0151,0,692,0,0,0,0,0,0,0,0,255,0,0,0,0,0,Normal
RDM0150,0,692,0,0,0,0,0,0,0,0,288,1,0,0,0,0,Normal
UAD0771,0,1014,0,0,1186,14,108,377,97,91,274,0,0,1384,0,0,Normal
BBH0810,346,346,0,0,0,0,0,0,0,0,790,0,0,0,0,0,Normal
JDF0593,507,738,8,10,247,3,23,75,30,25,135,4,351,4952,131,43,Normal
JRF0835,346,346,0,0,0,0,0,0,0,0,107,0,0,0,0,0,Normal
KCB0815,346,625,0,0,0,0,0,0,0,0,739,0,0,0,0,0,Normal
LJB0826,346,346,0,0,0,0,0,0,0,0,109,0,0,0,0,0,Normal
RCP0785,0,692,0,0,0,0,0,0,0,0,275,0,0,0,0,0,Normal
ZCF0590,346,346,0,0,0,0,0,0,0,0,110,0,0,0,0,0,Normal
HGH0595,346,346,0,0,0,0,0,0,0,0,118,0,0,0,0,0,Normal
HPR0585,346,607,0,0,0,0,0,0,0,0,136,0,0,0,0,0,Normal
SLP0762,0,692,0,0,0,0,0,0,0,0,285,0,0,0,0,0,Normal
TYB0779,0,962,0,0,0,0,0,0,0,0,256,0,0,0,0,0,Normal
ELB0847,404,358,0,0,0,0,0,0,0,0,115,0,0,0,0,0,Normal
GCS0571,352,636,0,0,364,8,32,108,23,29,122,1,10,225,0,0,Normal
IEB0153,355,369,8,8,0,0,0,0,0,0,282,0,0,0,0,0,Normal
MDH0580,296,296,0,0,388,2,36,128,32,36,94,0,51,1088,0,0,Abnormal
MLL0598,346,346,0,0,227,3,12,70,21,20,120,1,209,4740,0,0,Normal
MOP0763,0,692,0,0,0,0,0,0,0,0,300,0,0,0,0,0,Normal
SAH0599,346,346,0,0,0,0,0,0,0,0,107,0,0,0,0,0,Normal
VMJ0147,346,346,0,0,0,0,0,0,0,0,1083,0,0,0,0,0,Normal
AQD0820,346,346,0,0,0,0,0,0,0,0,791,0,0,0,0,0,Normal
BJH0811,346,346,0,0,0,0,0,0,0,0,815,0,0,0,0,0,Normal
CMW0783,0,692,0,0,0,0,0,0,0,0,328,0,0,0,0,0,Normal
DEB0782,0,692,0,0,0,0,0,0,0,0,316,0,0,0,0,0,Normal
LAM0911,346,606,0,0,0,0,0,0,0,0,1381,0,0,0,0,0,Normal
NMG0766,0,692,0,0,0,0,0,0,0,0,286,0,0,0,0,0,Normal
RIH0777,0,692,0,0,0,0,0,0,0,0,294,0,0,0,0,0,Normal
DSM0591,346,346,0,0,0,0,0,0,0,0,133,1,0,0,0,0,Normal
FHS0837,346,346,0,0,0,0,0,0,0,0,122,0,0,0,0,0,Normal
FRR0832,346,346,0,0,0,0,0,0,0,0,122,1,0,0,0,0,Normal
IHK0841,346,346,0,0,0,0,0,0,0,0,118,1,0,0,0,0,Normal
PAD0773,0,1119,0,0,1643,19,125,497,139,135,290,0,0,247,0,0,Normal
SLB0049,346,346,0,0,0,0,0,0,0,0,1526,8,0,0,0,0,Normal
SOB0586,346,346,0,0,0,0,0,0,0,0,106,0,0,0,0,0,Normal
TSM0927,346,346,0,0,0,0,0,0,0,0,712,0,0,0,0,0,Normal
TVS0006,0,996,0,0,0,0,0,0,0,0,2036,2,0,0,0,0,Normal
GRC0145,0,692,0,0,0,0,0,0,0,0,642,0,0,0,0,0,Normal
SBK0161,466,684,0,0,0,0,0,0,0,0,1476,1,0,0,0,0,Normal
ASS0517,207,754,0,0,0,0,0,0,0,0,348,0,0,0,0,0,Normal
CCW0524,191,501,0,0,0,0,0,0,0,0,306,0,0,0,0,0,Normal
CYA0506,67,143,0,0,0,0,0,0,0,0,86,0,0,0,0,0,Normal
ETR0177,346,346,0,0,0,0,0,0,0,0,862,5,0,0,0,0,Normal
HSP0290,346,346,0,0,0,0,0,0,0,0,122,0,0,0,0,0,Normal
JJH0292,362,674,1,2,0,0,0,0,0,0,111,1,0,0,0,0,Normal
WTR0563,346,346,0,0,0,0,0,0,0,0,654,1,0,0,0,0,Normal
FRL0511,196,496,0,0,0,0,0,0,0,0,281,0,0,0,0,0,Normal
LQP0508,242,909,0,0,0,0,0,0,0,0,256,0,0,0,0,0,Normal
RNL0695,346,614,0,0,0,0,0,0,0,0,698,0,0,0,0,0,Normal
AMJ0297,346,346,0,0,0,0,0,0,0,0,128,1,0,0,0,0,Normal
DJS0682,346,346,0,0,0,0,0,0,0,0,749,0,0,0,0,0,Normal
EDA0684,46,42,0,0,0,0,0,0,0,0,78,0,0,0,0,0,Normal
JNA0559,346,345,0,0,0,0,0,0,0,0,751,0,0,0,0,0,Normal
BVN0514,68,168,0,0,0,0,0,0,0,0,100,0,0,0,0,0,Normal
CAM0681,346,613,0,0,481,2,45,159,32,40,759,0,85,544,0,0,Normal
IUB0565,234,234,0,0,332,6,28,91,21,25,482,0,0,891,0,0,Abnormal
JFC0557,346,615,0,0,1820,24,136,556,133,170,739,0,18,2430,0,0,Normal
PSF0133,190,190,0,0,289,1,25,79,29,26,66,0,5,712,0,0,Abnormal
TIW0299,346,346,0,0,0,0,0,0,0,0,112,0,0,0,0,0,Normal
DOP0562,346,346,0,0,0,0,0,0,0,0,761,0,0,0,0,0,Normal
LJR0523,100,237,0,0,3,0,0,0,0,0,130,0,8,0,2,0,Abnormal
NRF0137,346,346,0,0,0,0,0,0,0,0,105,0,0,0,0,0,Normal
CCM0136,350,647,0,0,80,2,7,33,8,7,131,0,1,206,0,0,Normal
CEL0561,346,615,0,0,0,0,0,0,0,0,804,0,0,0,0,0,Normal
EMB0531,221,744,0,0,0,0,0,0,0,0,288,0,0,0,0,0,Normal
ESH0135,346,346,0,0,0,0,0,0,0,0,121,0,0,0,0,0,Normal
Feb0306,362,756,0,0,759,9,55,224,60,50,125,0,5,628,0,0,Normal
KJJ0293,365,750,0,0,339,3,26,102,32,28,112,1,2,607,0,0,Normal
PNL0301,156,156,0,0,183,4,16,63,11,19,49,0,2,606,0,0,Abnormal
ASG0692,346,346,0,0,0,0,0,0,0,0,821,0,0,0,0,0,Normal
ATP0662,488,673,10,17,827,6,64,248,64,64,1561,0,52,596,21,11,Normal
ICH0294,387,471,0,0,1648,21,128,462,127,123,116,0,4,1216,0,0,Normal
IJM0139,346,346,0,0,0,0,0,0,0,0,109,1,0,0,0,0,Normal
YJF0532,202,948,0,0,0,0,0,0,0,0,260,0,0,0,0,0,Normal
ARD0509,208,516,0,0,0,0,0,0,0,0,369,0,0,0,0,0,Normal
BMT0528,185,559,0,0,1235,19,93,335,119,102,338,0,0,1418,0,0,Normal
KKC0683,346,346,0,0,0,0,0,0,0,0,760,4,0,0,0,0,Normal
KSH0569,346,346,0,0,0,0,0,0,0,0,743,0,0,0,0,0,Normal
NGO0690,346,622,0,0,0,0,0,0,0,0,706,0,0,0,0,0,Normal
OLW0689,346,613,0,0,815,11,59,236,64,57,707,4,148,1095,0,0,Normal
CCH0685,352,655,0,0,0,0,0,0,0,0,817,0,0,0,0,0,Normal
CLS0296,346,346,0,0,0,0,0,0,0,0,136,1,0,0,0,0,Normal
EGD0132,189,189,0,0,263,2,26,72,16,20,63,0,2,747,0,0,Abnormal
GHH0288,391,413,0,0,1004,7,85,303,80,84,114,1,8,1282,0,0,Normal
GJD0298,346,346,0,0,0,0,0,0,0,0,123,2,0,0,0,0,Normal
MVB0515,178,970,0,0,1159,17,93,345,82,81,289,0,0,728,0,0,Normal
QJR0688,417,509,11,11,679,6,57,227,43,57,805,0,58,605,16,7,Normal
WLV0566,346,346,0,0,0,0,0,0,0,0,685,1,0,0,0,0,Normal
ZSL0305,346,346,0,0,0,0,0,0,0,0,115,0,0,0,0,0,Normal
BJP0134,352,614,0,0,5180,62,420,1628,425,357,130,2,14,5223,0,0,Normal
CJM0138,346,346,0,0,0,0,0,0,0,0,121,3,0,0,0,0,Normal
FMG0527,176,372,0,0,15,0,3,4,1,0,238,0,24,0,0,0,Abnormal
GCS0518,197,495,0,0,0,0,0,0,0,0,275,0,0,0,0,0,Normal
IMP0530,176,516,0,0,0,0,0,0,0,0,279,0,0,0,0,0,Normal
SAC0687,346,346,0,0,0,0,0,0,0,0,686,0,0,0,0,0,Normal
SBH0537,354,641,10,16,270,4,23,87,23,21,1446,0,0,233,9,2,Normal
AAF0535,89,239,0,0,228,3,23,68,23,12,188,0,0,685,0,0,Abnormal
JNJ0556,346,345,0,0,5104,54,429,1609,386,395,739,0,22,5379,0,0,Normal
PMJ0564,415,794,0,0,0,0,0,0,0,0,726,1,0,0,0,0,Normal
TAC0300,346,346,0,0,0,0,0,0,0,0,104,0,0,0,0,0,Normal
TJB0302,346,346,0,0,0,0,0,0,0,0,112,0,0,0,0,0,Normal
WGS0516,179,513,0,0,0,0,0,0,0,0,262,0,0,0,0,0,Normal
ALD0529,183,785,0,0,0,0,0,0,0,0,362,0,0,0,0,0,Normal
ESR0693,179,205,0,0,339,3,15,101,31,20,343,1,35,311,0,0,Normal
ILJ0526,350,892,21,34,810,9,56,237,61,63,270,0,0,679,37,24,Normal
ILR0304,346,346,0,0,0,0,0,0,0,0,133,0,0,0,0,0,Normal
MJM0510,211,979,0,0,0,0,0,0,0,0,275,0,0,0,0,0,Normal
NCK0295,346,346,0,0,0,0,0,0,0,0,114,1,0,0,0,0,Normal
PIS0522,184,939,0,0,0,0,0,0,0,0,257,0,0,0,0,0,Normal
SGB0140,447,742,0,0,0,0,0,0,0,0,110,0,0,0,0,0,Normal
CAS0507,246,954,0,0,4010,40,319,1285,302,334,350,0,2,754,0,0,Normal
DAG0558,346,346,0,0,0,0,0,0,0,0,771,0,0,0,0,0,Normal
JCR0289,346,346,0,0,0,0,0,0,0,0,103,0,0,0,0,0,Normal
JKM0303,346,346,0,0,0,0,0,0,0,0,103,1,0,0,0,0,Normal
JMD0520,282,841,0,0,1225,13,101,366,73,115,273,0,16,1284,0,0,Normal
NLO0131,346,346,0,0,0,0,0,0,0,0,118,0,0,0,0,0,Normal
WIF0691,358,614,0,0,5257,46,427,1676,434,427,696,0,625,4220,0,0,Normal
RRP0568,349,668,0,0,938,13,80,281,74,64,715,0,2,674,0,0,Normal
SCB0534,189,503,0,0,0,0,0,0,0,0,280,0,0,0,0,0,Normal
UCH0519,172,386,0,0,0,0,0,0,0,0,209,0,0,0,0,0,Normal
AHG0634,166,299,0,0,0,0,0,0,0,0,175,0,0,0,0,0,Normal
APG0307,346,346,0,0,0,0,0,0,0,0,142,1,0,0,0,0,Normal
COF0120,316,270,0,0,0,0,0,0,0,0,569,0,0,0,0,0,Normal
GAF0570,368,631,0,0,0,0,0,0,0,0,779,0,0,0,0,0,Normal
OYM0026,360,394,0,0,0,0,0,0,0,0,431,1,0,0,0,0,Normal
SCP0130,370,548,0,0,1057,9,71,311,90,77,344,13,6,1293,0,0,Normal
SLT0907,173,173,0,0,0,0,0,0,0,0,151,0,0,0,0,0,Normal
HMM0108,70,130,0,0,224,2,16,70,21,12,131,0,9,159,0,0,Normal
KJG0910,346,346,0,0,0,0,0,0,0,0,285,0,0,0,0,0,Normal
MFV0897,346,346,0,0,0,0,0,0,0,0,290,0,0,0,0,0,Normal
MIB0904,346,626,0,0,0,0,0,0,0,0,298,0,0,0,0,0,Normal
RHL0992,182,322,0,0,239,2,21,67,24,17,330,0,212,469,0,0,Abnormal
ZSB0649,346,346,0,0,0,0,0,0,0,0,272,0,0,0,0,0,Normal
HRL0540,384,630,0,0,1165,12,88,339,77,96,964,29,1810,3557,0,0,Normal
KCO0122,497,650,0,0,1031,8,72,327,83,72,677,0,443,835,0,0,Normal
OSH0655,346,346,0,0,0,0,0,0,0,0,271,0,0,0,0,0,Normal
UBF0645,346,346,0,0,0,0,0,0,0,0,266,0,0,0,0,0,Normal
DID0650,346,346,0,0,0,0,0,0,0,0,336,0,0,0,0,0,Normal
ESH0283,389,373,0,0,1695,13,138,525,131,144,785,2,6,242,0,0,Normal
HOB0994,346,346,0,0,0,0,0,0,0,0,613,1,0,0,0,0,Normal
KNW0644,346,346,0,0,0,0,0,0,0,0,287,0,0,0,0,0,Normal
OKC0107,346,346,0,0,0,0,0,0,0,0,730,0,0,0,0,0,Normal
WKD0013,430,372,0,0,0,0,0,0,0,0,1459,1,0,0,0,0,Normal
AGB0643,346,346,0,0,0,0,0,0,0,0,416,0,0,0,0,0,Normal
BCM0653,346,346,0,0,0,0,0,0,0,0,335,0,0,0,0,0,Normal
CJV0286,346,617,0,0,0,0,0,0,0,0,274,0,0,0,0,0,Normal
EFS0882,346,346,0,0,0,0,0,0,0,0,330,0,0,0,0,0,Normal
EGK0893,346,346,0,0,0,0,0,0,0,0,308,0,0,0,0,0,Normal
HGN0287,346,346,0,0,0,0,0,0,0,0,815,6,0,0,0,0,Normal
HTF0641,346,346,0,0,0,0,0,0,0,0,301,0,0,0,0,0,Normal
HWH0646,346,629,0,0,0,0,0,0,0,0,284,0,0,0,0,0,Normal
JMW0638,346,346,0,0,0,0,0,0,0,0,298,0,0,0,0,0,Normal
MJS0890,346,346,0,0,0,0,0,0,0,0,278,0,0,0,0,0,Normal
CLD0894,346,346,0,0,0,0,0,0,0,0,344,0,0,0,0,0,Normal
CRO0027,367,638,0,0,0,0,0,0,0,0,459,3,0,0,0,0,Normal
EMW0105,346,346,0,0,0,0,0,0,0,0,1031,0,0,0,0,0,Normal
FFC0891,258,482,0,0,612,7,48,191,49,54,183,0,25,679,0,0,Normal
GTD0116,346,346,0,0,0,0,0,0,0,0,1232,4,0,0,0,0,Normal
JML0909,346,621,0,0,0,0,0,0,0,0,291,0,0,0,0,0,Normal
TSG0906,346,608,0,0,0,0,0,0,0,0,254,0,0,0,0,0,Normal
WNB0908,346,608,0,0,0,0,0,0,0,0,278,0,0,0,0,0,Normal
AOS0987,407,742,0,0,0,0,0,0,0,0,483,0,0,0,0,0,Normal
BJM0111,453,363,7,8,5006,55,404,1586,389,401,276,0,153,4804,123,38,Normal
CAC0889,60,60,0,0,0,0,0,0,0,0,57,0,0,0,0,0,Normal
CEJ0109,318,318,0,0,427,4,31,138,36,43,743,0,21,1113,0,0,Abnormal
CGB0637,346,610,0,0,1505,13,125,448,134,108,350,0,622,1290,0,0,Normal
ESA0642,346,346,0,0,0,0,0,0,0,0,308,0,0,0,0,0,Normal
GQF0659,346,346,0,0,0,0,0,0,0,0,317,0,0,0,0,0,Normal
YWW0660,261,261,0,0,0,0,0,0,0,0,208,0,0,0,0,0,Normal
CNB0900,346,346,0,0,0,0,0,0,0,0,332,0,0,0,0,0,Normal
JZD0888,346,346,0,0,0,0,0,0,0,0,288,1,0,0,0,0,Normal
BMM0112,346,346,0,0,0,0,0,0,0,0,272,0,0,0,0,0,Normal
HCL0113,346,346,0,0,0,0,0,0,0,0,814,0,0,0,0,0,Normal
NAB0903,346,346,0,0,0,0,0,0,0,0,270,0,0,0,0,0,Normal
XHG0902,346,346,0,0,0,0,0,0,0,0,273,0,0,0,0,0,Normal
BLB0114,376,733,0,0,0,0,0,0,0,0,846,1,0,0,0,0,Normal
DIB0285,184,184,0,0,244,1,19,74,20,17,418,0,12,668,0,0,Abnormal
KJM0887,346,346,0,0,0,0,0,0,0,0,288,0,0,0,0,0,Normal
MTT0901,29,49,0,0,115,2,13,37,12,8,26,0,6,145,0,0,Normal
TUC0632,346,346,0,0,0,0,0,0,0,0,275,0,0,0,0,0,Normal
ZMC0284,346,346,0,0,0,0,0,0,0,0,736,0,0,0,0,0,Normal
BRM0995,396,619,0,0,380,3,29,117,31,30,721,1,1779,3637,0,0,Normal
PKB0281,346,346,0,0,0,0,0,0,0,0,770,1,0,0,0,0,Normal
SED0886,425,741,0,0,0,0,0,0,0,0,298,0,0,0,0,0,Normal
VLB0647,346,346,0,0,0,0,0,0,0,0,269,1,0,0,0,0,Normal
XRS0633,346,612,0,0,0,0,0,0,0,0,283,0,0,0,0,0,Normal
ARB0881,346,346,0,0,0,0,0,0,0,0,377,0,0,0,0,0,Normal
EJW0884,346,345,0,0,0,0,0,0,0,0,321,0,0,0,0,0,Normal
EZT0640,485,712,0,0,0,0,0,0,0,0,325,0,0,0,0,0,Normal
HAC0282,346,346,0,0,0,0,0,0,0,0,779,4,0,0,0,0,Normal
HCL0651,360,656,0,0,451,5,49,142,36,40,308,0,391,804,0,0,Normal
HRD0635,118,234,0,0,0,0,0,0,0,0,68,0,0,0,0,0,Normal
LAF0991,346,613,0,0,0,0,0,0,0,0,601,1,0,0,0,0,Normal
LJJ0905,348,384,0,0,0,0,0,0,0,0,270,0,0,0,0,0,Normal
LUR0896,435,363,0,0,0,0,0,0,0,0,244,0,0,0,0,0,Normal
KLM0639,346,346,0,0,0,0,0,0,0,0,261,0,0,0,0,0,Normal
QCH0110,305,305,0,0,0,0,0,0,0,0,207,0,0,0,0,0,Normal
SDB0106,418,702,0,0,0,0,0,0,0,0,776,0,0,0,0,0,Normal
ZKS0899,355,415,0,0,5508,50,440,1704,440,395,272,0,119,5219,0,0,Normal
DKB0631,346,346,0,0,0,0,0,0,0,0,334,0,0,0,0,0,Normal
GTD0898,346,346,0,0,0,0,0,0,0,0,321,0,0,0,0,0,Normal
HAV0121,346,346,0,0,0,0,0,0,0,0,659,0,0,0,0,0,Normal
SXM0895,346,346,0,0,0,0,0,0,0,0,271,0,0,0,0,0,Normal
TLK0993,346,346,0,0,0,0,0,0,0,0,590,1,0,0,0,0,Normal
AAM0658,232,224,0,0,17,0,1,6,6,1,240,0,11,0,1,0,Abnormal
BAM0636,346,346,0,0,0,0,0,0,0,0,340,0,0,0,0,0,Normal
IBP0883,485,624,0,0,0,0,0,0,0,0,286,1,0,0,0,0,Normal
IUY0279,364,623,0,0,0,0,0,0,0,0,747,0,0,0,0,0,Normal
KMS0657,346,346,0,0,0,0,0,0,0,0,287,0,0,0,0,0,Normal
LNR0656,346,346,0,0,0,0,0,0,0,0,278,0,0,0,0,0,Normal
SSR0278,196,196,0,0,0,0,0,0,0,0,388,0,0,0,0,0,Normal
TLH0648,346,346,0,0,0,0,0,0,0,0,259,0,0,0,0,0,Normal
BAJ0654,422,354,0,0,1874,16,152,584,146,147,354,0,51,198,0,0,Normal
CQW0652,327,327,0,0,449,5,37,127,46,32,324,0,346,868,0,0,Abnormal
RHY0079,355,361,0,0,0,0,0,0,0,0,1812,6,0,0,0,0,Normal